seconds,event,why,moved,tank
0.041,arrived,B1-B,,
seconds,event,why,moved,tank
0.045,arrived,B2-B,,
seconds,event,why,moved,tank
0.043,arrived,B1-A,,
seconds,event,why,moved,tank
0.046,arrived,B1-A,,
seconds,event,why,moved,tank
0.04,arrived,B1-E,,
49.06,arrived,B1-A,,
65.228,fuel,swept,1,44.7521
80.165,fuel,swept,1,45.7521
93.884,arrived,B1-D,,
101.06,arrived,B1-A,,
107.713,arrived,B1-E,,
112.433,end,,,
seconds,event,why,moved,tank
0.036,arrived,B1-E,,
11.806,end,,,
seconds,event,why,moved,tank
0.034,arrived,B1-E,,
9.076,arrived,B1-A,,
18.12,arrived,B1-A,,
60.96,arrived,B1-A,,
67.146,end,,,
seconds,event,why,moved,tank
0.049,arrived,B1-A,,
9.67,end,,,
seconds,event,why,moved,tank
31.823,fuel,pointmaker,-2.9475,97.0525
32.272,fuel,pointmaker,-2.9475,94.105
36.53,fuel,wand,-0.0852509,94.0197
36.539,fuel,wand,-0.0852509,93.9345
36.558,fuel,wand,-0.0852509,93.8492
36.572,fuel,wand,-0.0852509,93.764
36.589,fuel,wand,-0.0852509,93.6787
36.606,fuel,wand,-0.0852509,93.5935
36.622,fuel,wand,-0.0852509,93.5082
36.639,fuel,wand,-0.0852509,93.423
36.656,fuel,wand,-0.0852509,93.3377
36.672,fuel,wand,-0.0852509,93.2525
36.69,fuel,wand,-0.0852509,93.1672
36.706,fuel,wand,-0.0852509,93.082
36.723,fuel,wand,-0.0852509,92.9967
36.739,fuel,wand,-0.0852509,92.9115
36.756,fuel,wand,-0.0852509,92.8262
36.772,fuel,wand,-0.0852509,92.741
36.789,fuel,wand,-0.0852509,92.6557
36.806,fuel,wand,-0.0852509,92.5705
36.824,fuel,wand,-0.0852509,92.4852
36.839,fuel,wand,-0.0852509,92.4
36.856,fuel,wand,-0.0852509,92.3147
36.872,fuel,wand,-0.0852509,92.2295
36.889,fuel,wand,-0.0852509,92.1442
36.906,fuel,wand,-0.0852509,92.059
36.923,fuel,wand,-0.0852509,91.9737
36.939,fuel,wand,-0.0852509,91.8885
36.956,fuel,wand,-0.0852509,91.8032
36.974,fuel,wand,-0.0852509,91.718
36.989,fuel,wand,-0.0852509,91.6327
37.006,fuel,wand,-0.0852509,91.5475
37.023,fuel,wand,-0.0852509,91.4622
37.039,fuel,wand,-0.0852509,91.377
37.056,fuel,wand,-0.0852509,91.2917
37.072,fuel,wand,-0.0852509,91.2065
37.09,fuel,wand,-0.0852509,91.1212
37.106,fuel,wand,-0.0852509,91.036
37.122,fuel,wand,-0.0852509,90.9507
37.139,fuel,wand,-0.0852509,90.8655
37.157,fuel,wand,-0.0852509,90.7802
37.172,fuel,wand,-0.0852509,90.695
37.189,fuel,wand,-0.0852509,90.6097
37.206,fuel,wand,-0.0852509,90.5245
37.222,fuel,wand,-0.0852509,90.4392
37.239,fuel,wand,-0.0852509,90.354
37.256,fuel,wand,-0.0852509,90.2687
37.274,fuel,wand,-0.0852509,90.1835
37.289,fuel,wand,-0.0852509,90.0982
37.306,fuel,wand,-0.0852509,90.013
37.323,fuel,wand,-0.0852509,89.9277
37.339,fuel,wand,-0.0852509,89.8425
37.357,fuel,wand,-0.0852509,89.7572
37.372,fuel,wand,-0.0852509,89.672
37.389,fuel,wand,-0.0852509,89.5867
37.406,fuel,wand,-0.0852509,89.5014
37.422,fuel,wand,-0.0852509,89.4162
37.439,fuel,wand,-0.0852509,89.3309
37.457,fuel,wand,-0.0852509,89.2457
37.472,fuel,wand,-0.0852509,89.1604
37.49,fuel,wand,-0.0852509,89.0752
37.506,fuel,wand,-0.0852509,88.9899
37.522,fuel,wand,-0.0852509,88.9047
37.539,fuel,wand,-0.0852509,88.8194
37.556,fuel,wand,-0.0852509,88.7342
37.572,fuel,wand,-0.0852509,88.6489
37.59,fuel,wand,-0.0852509,88.5637
37.606,fuel,wand,-0.0852509,88.4784
37.623,fuel,wand,-0.0852509,88.3932
37.639,fuel,wand,-0.0852509,88.3079
37.656,fuel,wand,-0.0852509,88.2227
37.672,fuel,wand,-0.0852509,88.1374
37.689,fuel,wand,-0.0852509,88.0522
37.706,fuel,wand,-0.0852509,87.9669
37.724,fuel,wand,-0.0852509,87.8817
37.739,fuel,wand,-0.0852509,87.7964
37.756,fuel,wand,-0.0852509,87.7112
37.773,fuel,wand,-0.0852509,87.6259
37.79,fuel,wand,-0.0852509,87.5407
37.806,fuel,wand,-0.0852509,87.4554
37.822,fuel,wand,-0.0852509,87.3702
37.844,fuel,wand,-0.0852509,87.2849
37.846,fuel,wand,-0.0852509,87.1997
37.872,fuel,wand,-0.0852509,87.1144
37.889,fuel,wand,-0.0852509,87.0292
37.906,fuel,wand,-0.0852509,86.9439
37.923,fuel,wand,-0.0852509,86.8587
37.939,fuel,wand,-0.0852509,86.7734
37.956,fuel,wand,-0.0852509,86.6882
37.973,fuel,wand,-0.0852509,86.6029
37.989,fuel,wand,-0.0852509,86.5177
38.007,fuel,wand,-0.0852509,86.4324
38.022,fuel,wand,-0.0852509,86.3472
38.039,fuel,wand,-0.0852509,86.2619
38.056,fuel,wand,-0.0852509,86.1767
38.072,fuel,wand,-0.0852509,86.0914
38.089,fuel,wand,-0.0852509,86.0062
38.106,fuel,wand,-0.0852509,85.9209
38.122,fuel,wand,-0.0852509,85.8357
38.139,fuel,wand,-0.0852509,85.7504
38.156,fuel,wand,-0.0852509,85.6652
38.176,fuel,wand,-0.0852509,85.5799
38.176,fuel,wand,-0.0852509,85.4947
38.207,fuel,wand,-0.0852509,85.4094
38.223,fuel,wand,-0.0852509,85.3242
38.239,fuel,wand,-0.0852509,85.2389
38.256,fuel,wand,-0.0852509,85.1537
38.273,fuel,wand,-0.0852509,85.0684
38.289,fuel,wand,-0.0852509,84.9832
38.306,fuel,wand,-0.0852509,84.8979
38.323,fuel,wand,-0.0852509,84.8127
38.34,fuel,wand,-0.0852509,84.7274
38.356,fuel,wand,-0.0852509,84.6422
38.372,fuel,wand,-0.0852509,84.5569
38.389,fuel,wand,-0.0852509,84.4716
38.406,fuel,wand,-0.0852509,84.3864
38.422,fuel,wand,-0.0852509,84.3011
38.44,fuel,wand,-0.0852509,84.2159
38.456,fuel,wand,-0.0852509,84.1306
38.474,fuel,wand,-0.0852509,84.0454
38.489,fuel,wand,-0.0852509,83.9601
38.507,fuel,wand,-0.0852509,83.8749
38.523,fuel,wand,-0.0852509,83.7896
38.539,fuel,wand,-0.0852509,83.7044
38.556,fuel,wand,-0.0852509,83.6191
38.573,fuel,wand,-0.0852509,83.5339
38.59,fuel,wand,-0.0852509,83.4486
38.606,fuel,wand,-0.0852509,83.3634
38.622,fuel,wand,-0.0852509,83.2781
38.639,fuel,wand,-0.0852509,83.1929
38.656,fuel,wand,-0.0852509,83.1076
38.674,fuel,wand,-0.0852509,83.0224
38.689,fuel,wand,-0.0852509,82.9371
38.706,fuel,wand,-0.0852509,82.8519
38.722,fuel,wand,-0.0852509,82.7666
38.739,fuel,wand,-0.0852509,82.6814
38.756,fuel,wand,-0.0852509,82.5961
38.772,fuel,wand,-0.0852509,82.5109
38.79,fuel,wand,-0.0852509,82.4256
38.806,fuel,wand,-0.0852509,82.3404
38.822,fuel,wand,-0.0852509,82.2551
38.839,fuel,wand,-0.0852509,82.1699
38.857,fuel,wand,-0.0852509,82.0846
38.872,fuel,wand,-0.0852509,81.9994
38.889,fuel,wand,-0.0852509,81.9141
38.906,fuel,wand,-0.0852509,81.8289
38.923,fuel,wand,-0.0852509,81.7436
38.939,fuel,wand,-0.0852509,81.6584
38.956,fuel,wand,-0.0852509,81.5731
38.972,fuel,wand,-0.0852509,81.4879
38.99,fuel,wand,-0.0852509,81.4026
39.006,fuel,wand,-0.0852509,81.3174
39.022,fuel,wand,-0.0852509,81.2321
39.039,fuel,wand,-0.0852509,81.1469
39.056,fuel,wand,-0.0852509,81.0616
39.072,fuel,wand,-0.0852509,80.9764
39.089,fuel,wand,-0.0852509,80.8911
39.106,fuel,wand,-0.0852509,80.8059
39.106,fuel,swept,1,81.8059
39.124,fuel,wand,-0.0852509,81.7206
39.139,fuel,wand,-0.0852509,81.6354
39.156,fuel,wand,-0.0852509,81.5501
39.173,fuel,wand,-0.0852509,81.4649
39.189,fuel,wand,-0.0852509,81.3796
39.189,fuel,swept,2,83.3796
39.206,fuel,wand,-0.0852509,83.2944
39.223,fuel,wand,-0.0852509,83.2091
39.239,fuel,wand,-0.0852509,83.1239
39.256,fuel,wand,-0.0852509,83.0386
39.273,fuel,wand,-0.0852509,82.9534
39.29,fuel,wand,-0.0852509,82.8681
39.306,fuel,wand,-0.0852509,82.7829
39.322,fuel,wand,-0.0852509,82.6976
39.339,fuel,wand,-0.0852509,82.6124
39.356,fuel,wand,-0.0852509,82.5271
39.372,fuel,wand,-0.0852509,82.4418
39.389,fuel,wand,-0.0852509,82.3566
39.406,fuel,wand,-0.0852509,82.2713
39.422,fuel,wand,-0.0852509,82.1861
39.439,fuel,wand,-0.0852509,82.1008
39.456,fuel,wand,-0.0852509,82.0156
39.474,fuel,wand,-0.0852509,81.9303
39.489,fuel,wand,-0.0852509,81.8451
39.506,fuel,wand,-0.0852509,81.7598
39.522,fuel,wand,-0.0852509,81.6746
39.541,fuel,swept,2,83.6746
39.822,fuel,swept,1,84.6746
40.006,fuel,swept,1,85.6746
42.947,fuel,wand,-0.0852509,85.5893
42.956,fuel,wand,-0.0852509,85.5041
42.972,fuel,wand,-0.0852509,85.4188
42.989,fuel,wand,-0.0852509,85.3336
43.005,fuel,wand,-0.0852509,85.2483
43.022,fuel,wand,-0.0852509,85.1631
43.039,fuel,wand,-0.0852509,85.0778
43.055,fuel,wand,-0.0852509,84.9926
43.073,fuel,wand,-0.0852509,84.9073
43.089,fuel,wand,-0.0852509,84.8221
43.105,fuel,wand,-0.0852509,84.7368
43.123,fuel,wand,-0.0852509,84.6516
43.139,fuel,wand,-0.0852509,84.5663
43.155,fuel,wand,-0.0852509,84.4811
43.172,fuel,wand,-0.0852509,84.3958
43.189,fuel,wand,-0.0852509,84.3106
43.207,fuel,wand,-0.0852509,84.2253
43.222,fuel,wand,-0.0852509,84.1401
43.239,fuel,wand,-0.0852509,84.0548
43.256,fuel,wand,-0.0852509,83.9696
43.272,fuel,wand,-0.0852509,83.8843
43.289,fuel,wand,-0.0852509,83.7991
43.306,fuel,wand,-0.0852509,83.7138
43.322,fuel,wand,-0.0852509,83.6286
43.34,fuel,wand,-0.0852509,83.5433
43.356,fuel,wand,-0.0852509,83.4581
43.372,fuel,wand,-0.0852509,83.3728
43.389,fuel,wand,-0.0852509,83.2876
43.406,fuel,wand,-0.0852509,83.2023
43.422,fuel,wand,-0.0852509,83.1171
43.439,fuel,wand,-0.0852509,83.0318
43.455,fuel,wand,-0.0852509,82.9466
43.472,fuel,wand,-0.0852509,82.8613
43.489,fuel,wand,-0.0852509,82.7761
43.506,fuel,wand,-0.0852509,82.6908
43.522,fuel,wand,-0.0852509,82.6056
43.539,fuel,wand,-0.0852509,82.5203
43.557,fuel,wand,-0.0852509,82.4351
43.573,fuel,wand,-0.0852509,82.3498
43.589,fuel,wand,-0.0852509,82.2646
43.605,fuel,wand,-0.0852509,82.1793
43.622,fuel,wand,-0.0852509,82.0941
43.639,fuel,wand,-0.0852509,82.0088
43.655,fuel,wand,-0.0852509,81.9236
43.672,fuel,wand,-0.0852509,81.8383
43.689,fuel,wand,-0.0852509,81.7531
43.705,fuel,wand,-0.0852509,81.6678
43.722,fuel,wand,-0.0852509,81.5826
43.74,fuel,wand,-0.0852509,81.4973
43.756,fuel,wand,-0.0852509,81.412
43.772,fuel,wand,-0.0852509,81.3268
43.789,fuel,wand,-0.0852509,81.2415
43.805,fuel,wand,-0.0852509,81.1563
43.822,fuel,wand,-0.0852509,81.071
43.839,fuel,wand,-0.0852509,80.9858
43.856,fuel,wand,-0.0852509,80.9005
43.872,fuel,wand,-0.0852509,80.8153
43.889,fuel,wand,-0.0852509,80.73
43.905,fuel,wand,-0.0852509,80.6448
43.924,fuel,wand,-0.0852509,80.5595
43.939,fuel,wand,-0.0852509,80.4743
43.955,fuel,wand,-0.0852509,80.389
43.972,fuel,wand,-0.0852509,80.3038
43.989,fuel,wand,-0.0852509,80.2185
44.006,fuel,wand,-0.0852509,80.1333
44.022,fuel,wand,-0.0852509,80.048
44.039,fuel,wand,-0.0852509,79.9628
44.056,fuel,wand,-0.0852509,79.8775
44.072,fuel,wand,-0.0852509,79.7923
44.089,fuel,wand,-0.0852509,79.707
44.107,fuel,wand,-0.0852509,79.6218
44.122,fuel,wand,-0.0852509,79.5365
44.139,fuel,wand,-0.0852509,79.4513
44.156,fuel,wand,-0.0852509,79.366
44.172,fuel,wand,-0.0852509,79.2808
44.189,fuel,wand,-0.0852509,79.1955
44.205,fuel,wand,-0.0852509,79.1103
44.222,fuel,wand,-0.0852509,79.025
44.24,fuel,wand,-0.0852509,78.9398
44.255,fuel,wand,-0.0852509,78.8545
44.272,fuel,wand,-0.0852509,78.7693
44.289,fuel,wand,-0.0852509,78.684
44.306,fuel,wand,-0.0852509,78.5988
44.322,fuel,wand,-0.0852509,78.5135
44.339,fuel,wand,-0.0852509,78.4283
44.355,fuel,wand,-0.0852509,78.343
44.373,fuel,wand,-0.0852509,78.2578
44.389,fuel,wand,-0.0852509,78.1725
44.405,fuel,wand,-0.0852509,78.0873
44.422,fuel,wand,-0.0852509,78.002
44.439,fuel,wand,-0.0852509,77.9168
44.456,fuel,wand,-0.0852509,77.8315
44.472,fuel,wand,-0.0852509,77.7463
44.489,fuel,wand,-0.0852509,77.661
44.507,fuel,wand,-0.0852509,77.5758
44.522,fuel,wand,-0.0852509,77.4905
44.539,fuel,wand,-0.0852509,77.4053
44.555,fuel,wand,-0.0852509,77.32
44.572,fuel,wand,-0.0852509,77.2348
44.589,fuel,wand,-0.0852509,77.1495
44.605,fuel,wand,-0.0852509,77.0643
44.622,fuel,wand,-0.0852509,76.979
44.639,fuel,wand,-0.0852509,76.8938
44.655,fuel,wand,-0.0852509,76.8085
44.674,fuel,wand,-0.0852509,76.7233
44.689,fuel,wand,-0.0852509,76.638
44.705,fuel,wand,-0.0852509,76.5527
44.724,fuel,wand,-0.0852509,76.4675
44.739,fuel,wand,-0.0852509,76.3822
44.756,fuel,wand,-0.0852509,76.297
44.774,fuel,wand,-0.0852509,76.2117
44.789,fuel,wand,-0.0852509,76.1265
44.805,fuel,wand,-0.0852509,76.0412
44.822,fuel,wand,-0.0852509,75.956
44.841,fuel,wand,-0.0852509,75.8707
44.856,fuel,wand,-0.0852509,75.7855
44.872,fuel,wand,-0.0852509,75.7002
44.889,fuel,wand,-0.0852509,75.615
44.906,fuel,wand,-0.0852509,75.5297
44.924,fuel,wand,-0.0852509,75.4445
44.939,fuel,wand,-0.0852509,75.3592
44.955,fuel,wand,-0.0852509,75.274
44.972,fuel,wand,-0.0852509,75.1887
44.989,fuel,wand,-0.0852509,75.1035
45.005,fuel,wand,-0.0852509,75.0182
45.022,fuel,wand,-0.0852509,74.933
45.039,fuel,wand,-0.0852509,74.8477
45.057,fuel,wand,-0.0852509,74.7625
45.072,fuel,wand,-0.0852509,74.6772
45.089,fuel,wand,-0.0852509,74.592
45.105,fuel,wand,-0.0852509,74.5067
45.122,fuel,wand,-0.0852509,74.4215
45.139,fuel,wand,-0.0852509,74.3362
45.157,fuel,wand,-0.0852509,74.251
45.172,fuel,wand,-0.0852509,74.1657
45.189,fuel,wand,-0.0852509,74.0805
45.205,fuel,wand,-0.0852509,73.9952
45.222,fuel,wand,-0.0852509,73.91
45.24,fuel,wand,-0.0852509,73.8247
45.255,fuel,wand,-0.0852509,73.7395
45.272,fuel,wand,-0.0852509,73.6542
45.289,fuel,wand,-0.0852509,73.569
45.305,fuel,wand,-0.0852509,73.4837
45.323,fuel,wand,-0.0852509,73.3985
45.339,fuel,wand,-0.0852509,73.3132
45.357,fuel,wand,-0.0852509,73.228
45.372,fuel,wand,-0.0852509,73.1427
45.389,fuel,wand,-0.0852509,73.0575
45.405,fuel,wand,-0.0852509,72.9722
45.423,fuel,wand,-0.0852509,72.887
45.439,fuel,wand,-0.0852509,72.8017
45.456,fuel,wand,-0.0852509,72.7165
45.472,fuel,wand,-0.0852509,72.6312
45.489,fuel,wand,-0.0852509,72.546
45.505,fuel,wand,-0.0852509,72.4607
45.524,fuel,wand,-0.0852509,72.3755
45.539,fuel,wand,-0.0852509,72.2902
45.555,fuel,wand,-0.0852509,72.205
45.572,fuel,wand,-0.0852509,72.1197
45.589,fuel,wand,-0.0852509,72.0345
45.605,fuel,wand,-0.0852509,71.9492
45.622,fuel,wand,-0.0852509,71.864
45.639,fuel,wand,-0.0852509,71.7787
45.657,fuel,wand,-0.0852509,71.6935
45.672,fuel,wand,-0.0852509,71.6082
45.689,fuel,wand,-0.0852509,71.5229
45.706,fuel,wand,-0.0852509,71.4377
45.722,fuel,wand,-0.0852509,71.3524
45.739,fuel,wand,-0.0852509,71.2672
45.757,fuel,wand,-0.0852509,71.1819
45.772,fuel,wand,-0.0852509,71.0967
45.789,fuel,wand,-0.0852509,71.0114
45.805,fuel,wand,-0.0852509,70.9262
45.822,fuel,wand,-0.0852509,70.8409
45.84,fuel,wand,-0.0852509,70.7557
45.855,fuel,wand,-0.0852509,70.6704
45.855,fuel,swept,1,71.6704
45.872,fuel,wand,-0.0852509,71.5852
45.889,fuel,wand,-0.0852509,71.4999
45.906,fuel,wand,-0.0852509,71.4147
45.923,fuel,wand,-0.0852509,71.3294
45.94,fuel,wand,-0.0852509,71.2442
45.955,fuel,wand,-0.0852509,71.1589
45.972,fuel,wand,-0.0852509,71.0737
45.989,fuel,wand,-0.0852509,70.9884
46.006,fuel,wand,-0.0852509,70.9032
46.022,fuel,wand,-0.0852509,70.8179
46.04,fuel,wand,-0.0852509,70.7327
46.055,fuel,wand,-0.0852509,70.6474
46.072,fuel,wand,-0.0852509,70.5622
46.089,fuel,wand,-0.0852509,70.4769
46.107,fuel,wand,-0.0852509,70.3917
46.122,fuel,wand,-0.0852509,70.3064
46.139,fuel,wand,-0.0852509,70.2212
46.155,fuel,wand,-0.0852509,70.1359
46.172,fuel,wand,-0.0852509,70.0507
46.189,fuel,wand,-0.0852509,69.9654
46.205,fuel,wand,-0.0852509,69.8802
46.222,fuel,wand,-0.0852509,69.7949
46.24,fuel,wand,-0.0852509,69.7097
46.255,fuel,wand,-0.0852509,69.6244
46.272,fuel,wand,-0.0852509,69.5392
46.289,fuel,wand,-0.0852509,69.4539
46.305,fuel,wand,-0.0852509,69.3687
46.322,fuel,wand,-0.0852509,69.2834
46.339,fuel,wand,-0.0852509,69.1982
46.355,fuel,wand,-0.0852509,69.1129
46.372,fuel,wand,-0.0852509,69.0277
46.389,fuel,wand,-0.0852509,68.9424
46.405,fuel,wand,-0.0852509,68.8572
46.422,fuel,wand,-0.0852509,68.7719
46.44,fuel,wand,-0.0852509,68.6867
46.455,fuel,wand,-0.0852509,68.6014
46.472,fuel,wand,-0.0852509,68.5162
46.489,fuel,wand,-0.0852509,68.4309
46.505,fuel,wand,-0.0852509,68.3457
46.522,fuel,wand,-0.0852509,68.2604
46.539,fuel,wand,-0.0852509,68.1752
46.556,fuel,wand,-0.0852509,68.0899
46.574,fuel,wand,-0.0852509,68.0047
46.589,fuel,wand,-0.0852509,67.9194
46.605,fuel,wand,-0.0852509,67.8342
46.622,fuel,wand,-0.0852509,67.7489
46.639,fuel,wand,-0.0852509,67.6637
46.655,fuel,wand,-0.0852509,67.5784
46.672,fuel,wand,-0.0852509,67.4931
46.689,fuel,wand,-0.0852509,67.4079
46.707,fuel,wand,-0.0852509,67.3226
46.722,fuel,wand,-0.0852509,67.2374
46.739,fuel,wand,-0.0852509,67.1521
47.063,fuel,wand,-0.0852509,67.0669
47.072,fuel,wand,-0.0852509,66.9816
47.089,fuel,wand,-0.0852509,66.8964
47.105,fuel,wand,-0.0852509,66.8111
47.122,fuel,wand,-0.0852509,66.7259
47.139,fuel,wand,-0.0852509,66.6406
47.157,fuel,wand,-0.0852509,66.5554
47.172,fuel,wand,-0.0852509,66.4701
47.172,fuel,swept,1,67.4701
47.189,fuel,wand,-0.0852509,67.3849
47.207,fuel,wand,-0.0852509,67.2996
47.222,fuel,wand,-0.0852509,67.2144
47.239,fuel,wand,-0.0852509,67.1291
47.256,fuel,wand,-0.0852509,67.0439
47.272,fuel,wand,-0.0852509,66.9586
47.289,fuel,wand,-0.0852509,66.8734
47.305,fuel,wand,-0.0852509,66.7881
47.323,fuel,wand,-0.0852509,66.7029
47.339,fuel,wand,-0.0852509,66.6176
47.355,fuel,wand,-0.0852509,66.5324
47.372,fuel,wand,-0.0852509,66.4471
47.39,fuel,wand,-0.0852509,66.3619
47.406,fuel,wand,-0.0852509,66.2766
47.422,fuel,wand,-0.0852509,66.1914
47.439,fuel,wand,-0.0852509,66.1061
47.457,fuel,wand,-0.0852509,66.0209
47.473,fuel,wand,-0.0852509,65.9356
47.489,fuel,wand,-0.0852509,65.8504
47.505,fuel,wand,-0.0852509,65.7651
47.522,fuel,wand,-0.0852509,65.6799
47.539,fuel,wand,-0.0852509,65.5946
47.555,fuel,wand,-0.0852509,65.5094
47.572,fuel,wand,-0.0852509,65.4241
47.59,fuel,wand,-0.0852509,65.3389
47.605,fuel,wand,-0.0852509,65.2536
47.622,fuel,wand,-0.0852509,65.1684
47.639,fuel,wand,-0.0852509,65.0831
47.655,fuel,wand,-0.0852509,64.9979
47.672,fuel,wand,-0.0852509,64.9126
47.689,fuel,wand,-0.0852509,64.8274
47.705,fuel,wand,-0.0852509,64.7421
47.722,fuel,wand,-0.0852509,64.6569
47.739,fuel,wand,-0.0852509,64.5716
47.755,fuel,wand,-0.0852509,64.4864
47.772,fuel,wand,-0.0852509,64.4011
47.79,fuel,wand,-0.0852509,64.3159
47.805,fuel,wand,-0.0852509,64.2306
47.822,fuel,wand,-0.0852509,64.1454
47.839,fuel,wand,-0.0852509,64.0601
47.855,fuel,wand,-0.0852509,63.9749
47.872,fuel,wand,-0.0852509,63.8896
47.889,fuel,wand,-0.0852509,63.8044
47.905,fuel,wand,-0.0852509,63.7191
47.93,fuel,wand,-0.0852509,63.6339
47.931,fuel,wand,-0.0852509,63.5486
47.956,fuel,wand,-0.0852509,63.4633
47.974,fuel,wand,-0.0852509,63.3781
47.989,fuel,wand,-0.0852509,63.2928
48.005,fuel,wand,-0.0852509,63.2076
48.022,fuel,wand,-0.0852509,63.1223
48.039,fuel,wand,-0.0852509,63.0371
48.055,fuel,wand,-0.0852509,62.9518
48.072,fuel,wand,-0.0852509,62.8666
48.089,fuel,wand,-0.0852509,62.7813
48.105,fuel,wand,-0.0852509,62.6961
48.122,fuel,wand,-0.0852509,62.6108
48.139,fuel,wand,-0.0852509,62.5256
49.088,fuel,swept,1,63.5256
49.355,fuel,swept,2,65.5256
50.122,fuel,swept,1,66.5256
50.522,fuel,swept,2,68.5256
50.822,fuel,swept,1,69.5256
52.413,fuel,wand,-0.0852509,69.4403
52.424,fuel,wand,-0.0852509,69.3551
52.439,fuel,wand,-0.0852509,69.2698
52.455,fuel,wand,-0.0852509,69.1846
52.472,fuel,wand,-0.0852509,69.0993
52.488,fuel,wand,-0.0852509,69.0141
52.505,fuel,wand,-0.0852509,68.9288
52.522,fuel,wand,-0.0852509,68.8436
52.54,fuel,wand,-0.0852509,68.7583
52.555,fuel,wand,-0.0852509,68.6731
52.572,fuel,wand,-0.0852509,68.5878
52.588,fuel,wand,-0.0852509,68.5026
52.607,fuel,wand,-0.0852509,68.4173
52.622,fuel,wand,-0.0852509,68.3321
52.638,fuel,wand,-0.0852509,68.2468
52.655,fuel,wand,-0.0852509,68.1616
52.672,fuel,wand,-0.0852509,68.0763
52.688,fuel,wand,-0.0852509,67.9911
52.705,fuel,wand,-0.0852509,67.9058
52.722,fuel,wand,-0.0852509,67.8206
52.74,fuel,wand,-0.0852509,67.7353
52.755,fuel,wand,-0.0852509,67.6501
52.772,fuel,wand,-0.0852509,67.5648
52.788,fuel,wand,-0.0852509,67.4796
52.805,fuel,wand,-0.0852509,67.3943
52.822,fuel,wand,-0.0852509,67.3091
52.839,fuel,wand,-0.0852509,67.2238
52.855,fuel,wand,-0.0852509,67.1386
52.872,fuel,wand,-0.0852509,67.0533
52.89,fuel,wand,-0.0852509,66.9681
52.905,fuel,wand,-0.0852509,66.8828
52.922,fuel,wand,-0.0852509,66.7976
52.938,fuel,wand,-0.0852509,66.7123
52.955,fuel,wand,-0.0852509,66.6271
52.972,fuel,wand,-0.0852509,66.5418
52.988,fuel,wand,-0.0852509,66.4566
53.005,fuel,wand,-0.0852509,66.3713
53.023,fuel,wand,-0.0852509,66.2861
53.038,fuel,wand,-0.0852509,66.2008
53.055,fuel,wand,-0.0852509,66.1156
53.072,fuel,wand,-0.0852509,66.0303
53.089,fuel,wand,-0.0852509,65.9451
53.105,fuel,wand,-0.0852509,65.8598
53.122,fuel,wand,-0.0852509,65.7746
53.138,fuel,wand,-0.0852509,65.6893
53.155,fuel,wand,-0.0852509,65.604
53.172,fuel,wand,-0.0852509,65.5188
53.19,fuel,wand,-0.0852509,65.4335
53.205,fuel,wand,-0.0852509,65.3483
53.222,fuel,wand,-0.0852509,65.263
53.238,fuel,wand,-0.0852509,65.1778
53.256,fuel,wand,-0.0852509,65.0925
53.272,fuel,wand,-0.0852509,65.0073
53.288,fuel,wand,-0.0852509,64.922
53.305,fuel,wand,-0.0852509,64.8368
54.179,fuel,wand,-0.0852509,64.7515
54.189,fuel,wand,-0.0852509,64.6663
54.205,fuel,wand,-0.0852509,64.581
54.222,fuel,wand,-0.0852509,64.4958
54.239,fuel,wand,-0.0852509,64.4105
54.255,fuel,wand,-0.0852509,64.3253
54.273,fuel,wand,-0.0852509,64.24
54.289,fuel,wand,-0.0852509,64.1548
54.305,fuel,wand,-0.0852509,64.0695
54.322,fuel,wand,-0.0852509,63.9843
54.34,fuel,wand,-0.0852509,63.899
54.355,fuel,wand,-0.0852509,63.8138
54.372,fuel,wand,-0.0852509,63.7285
54.389,fuel,wand,-0.0852509,63.6433
54.405,fuel,wand,-0.0852509,63.558
54.422,fuel,wand,-0.0852509,63.4728
54.439,fuel,wand,-0.0852509,63.3875
54.457,fuel,wand,-0.0852509,63.3023
54.472,fuel,wand,-0.0852509,63.217
54.491,fuel,wand,-0.0852509,63.1318
54.506,fuel,wand,-0.0852509,63.0465
54.522,fuel,wand,-0.0852509,62.9613
54.54,fuel,wand,-0.0852509,62.876
54.555,fuel,wand,-0.0852509,62.7908
54.572,fuel,wand,-0.0852509,62.7055
54.589,fuel,wand,-0.0852509,62.6203
54.605,fuel,wand,-0.0852509,62.535
54.622,fuel,wand,-0.0852509,62.4498
54.638,fuel,wand,-0.0852509,62.3645
54.655,fuel,wand,-0.0852509,62.2793
54.673,fuel,wand,-0.0852509,62.194
54.688,fuel,wand,-0.0852509,62.1088
54.705,fuel,wand,-0.0852509,62.0235
54.722,fuel,wand,-0.0852509,61.9383
54.738,fuel,wand,-0.0852509,61.853
54.755,fuel,wand,-0.0852509,61.7678
54.772,fuel,wand,-0.0852509,61.6825
54.788,fuel,wand,-0.0852509,61.5973
54.807,fuel,wand,-0.0852509,61.512
54.822,fuel,wand,-0.0852509,61.4268
54.838,fuel,wand,-0.0852509,61.3415
54.855,fuel,wand,-0.0852509,61.2563
54.872,fuel,wand,-0.0852509,61.171
54.888,fuel,wand,-0.0852509,61.0858
54.905,fuel,wand,-0.0852509,61.0005
54.922,fuel,wand,-0.0852509,60.9153
54.94,fuel,wand,-0.0852509,60.83
54.955,fuel,wand,-0.0852509,60.7448
54.972,fuel,wand,-0.0852509,60.6595
54.989,fuel,wand,-0.0852509,60.5742
55.005,fuel,wand,-0.0852509,60.489
55.022,fuel,wand,-0.0852509,60.4037
55.038,fuel,wand,-0.0852509,60.3185
55.056,fuel,wand,-0.0852509,60.2332
55.072,fuel,wand,-0.0852509,60.148
55.088,fuel,wand,-0.0852509,60.0627
55.105,fuel,wand,-0.0852509,59.9775
55.123,fuel,wand,-0.0852509,59.8922
55.138,fuel,wand,-0.0852509,59.807
55.155,fuel,wand,-0.0852509,59.7217
55.172,fuel,wand,-0.0852509,59.6365
55.188,fuel,wand,-0.0852509,59.5512
55.205,fuel,wand,-0.0852509,59.466
55.222,fuel,wand,-0.0852509,59.3807
55.239,fuel,wand,-0.0852509,59.2955
55.255,fuel,wand,-0.0852509,59.2102
55.272,fuel,wand,-0.0852509,59.125
55.288,fuel,wand,-0.0852509,59.0397
55.306,fuel,wand,-0.0852509,58.9545
55.324,fuel,wand,-0.0852509,58.8692
55.338,fuel,wand,-0.0852509,58.784
55.355,fuel,wand,-0.0852509,58.6987
55.372,fuel,wand,-0.0852509,58.6135
55.389,fuel,wand,-0.0852509,58.5282
55.405,fuel,wand,-0.0852509,58.443
55.422,fuel,wand,-0.0852509,58.3577
55.438,fuel,wand,-0.0852509,58.2725
55.455,fuel,wand,-0.0852509,58.1872
56.146,fuel,wand,-0.0852509,58.102
56.155,fuel,wand,-0.0852509,58.0167
56.172,fuel,wand,-0.0852509,57.9315
56.189,fuel,wand,-0.0852509,57.8462
56.205,fuel,wand,-0.0852509,57.761
56.222,fuel,wand,-0.0852509,57.6757
56.238,fuel,wand,-0.0852509,57.5905
56.255,fuel,wand,-0.0852509,57.5052
56.272,fuel,wand,-0.0852509,57.42
56.29,fuel,wand,-0.0852509,57.3347
56.305,fuel,wand,-0.0852509,57.2495
56.322,fuel,wand,-0.0852509,57.1642
56.338,fuel,wand,-0.0852509,57.079
56.355,fuel,wand,-0.0852509,56.9937
56.372,fuel,wand,-0.0852509,56.9085
56.389,fuel,wand,-0.0852509,56.8232
56.405,fuel,wand,-0.0852509,56.738
56.422,fuel,wand,-0.0852509,56.6527
56.44,fuel,wand,-0.0852509,56.5675
56.455,fuel,wand,-0.0852509,56.4822
56.472,fuel,wand,-0.0852509,56.397
56.49,fuel,wand,-0.0852509,56.3117
56.505,fuel,wand,-0.0852509,56.2265
56.522,fuel,wand,-0.0852509,56.1412
56.538,fuel,wand,-0.0852509,56.056
56.555,fuel,wand,-0.0852509,55.9707
56.572,fuel,wand,-0.0852509,55.8855
56.588,fuel,wand,-0.0852509,55.8002
56.605,fuel,wand,-0.0852509,55.715
56.623,fuel,wand,-0.0852509,55.6297
56.638,fuel,wand,-0.0852509,55.5444
56.655,fuel,wand,-0.0852509,55.4592
56.673,fuel,wand,-0.0852509,55.3739
56.688,fuel,wand,-0.0852509,55.2887
56.705,fuel,wand,-0.0852509,55.2034
56.722,fuel,wand,-0.0852509,55.1182
56.74,fuel,wand,-0.0852509,55.0329
56.755,fuel,wand,-0.0852509,54.9477
56.772,fuel,wand,-0.0852509,54.8624
56.788,fuel,wand,-0.0852509,54.7772
56.805,fuel,wand,-0.0852509,54.6919
56.822,fuel,wand,-0.0852509,54.6067
56.84,fuel,wand,-0.0852509,54.5214
56.855,fuel,wand,-0.0852509,54.4362
56.872,fuel,wand,-0.0852509,54.3509
56.888,fuel,wand,-0.0852509,54.2657
56.905,fuel,wand,-0.0852509,54.1804
56.922,fuel,wand,-0.0852509,54.0952
56.938,fuel,wand,-0.0852509,54.0099
56.955,fuel,wand,-0.0852509,53.9247
56.974,fuel,wand,-0.0852509,53.8394
56.988,fuel,wand,-0.0852509,53.7542
57.005,fuel,wand,-0.0852509,53.6689
57.022,fuel,wand,-0.0852509,53.5837
57.038,fuel,wand,-0.0852509,53.4984
57.055,fuel,wand,-0.0852509,53.4132
57.072,fuel,wand,-0.0852509,53.3279
57.088,fuel,wand,-0.0852509,53.2427
57.105,fuel,wand,-0.0852509,53.1574
57.122,fuel,wand,-0.0852509,53.0722
57.14,fuel,wand,-0.0852509,52.9869
57.155,fuel,wand,-0.0852509,52.9017
57.172,fuel,wand,-0.0852509,52.8164
57.188,fuel,wand,-0.0852509,52.7312
57.205,fuel,wand,-0.0852509,52.6459
57.222,fuel,wand,-0.0852509,52.5607
57.388,fuel,swept,2,54.5607
57.388,fuel,swept,1,55.5607
58.106,fuel,swept,2,57.5607
58.529,fuel,wand,-0.0852509,57.4754
58.539,fuel,wand,-0.0852509,57.3902
58.555,fuel,wand,-0.0852509,57.3049
58.571,fuel,wand,-0.0852509,57.2197
58.588,fuel,wand,-0.0852509,57.1344
58.605,fuel,wand,-0.0852509,57.0492
58.621,fuel,wand,-0.0852509,56.9639
58.638,fuel,wand,-0.0852509,56.8787
58.655,fuel,wand,-0.0852509,56.7934
58.672,fuel,wand,-0.0852509,56.7082
58.69,fuel,wand,-0.0852509,56.6229
58.706,fuel,wand,-0.0852509,56.5377
58.722,fuel,wand,-0.0852509,56.4524
58.738,fuel,wand,-0.0852509,56.3672
58.755,fuel,wand,-0.0852509,56.2819
58.771,fuel,wand,-0.0852509,56.1967
58.788,fuel,wand,-0.0852509,56.1114
58.805,fuel,wand,-0.0852509,56.0262
58.822,fuel,wand,-0.0852509,55.9409
58.839,fuel,wand,-0.0852509,55.8557
58.856,fuel,wand,-0.0852509,55.7704
58.875,fuel,wand,-0.0852509,55.6852
58.888,fuel,wand,-0.0852509,55.5999
58.905,fuel,wand,-0.0852509,55.5146
58.921,fuel,wand,-0.0852509,55.4294
58.938,fuel,wand,-0.0852509,55.3441
58.955,fuel,wand,-0.0852509,55.2589
58.972,fuel,wand,-0.0852509,55.1736
59.172,fuel,swept,2,57.1736
59.488,fuel,swept,2,59.1736
59.971,fuel,swept,1,60.1736
60.271,fuel,swept,1,61.1736
60.705,fuel,swept,2,63.1736
61.021,fuel,swept,1,64.1736
61.021,fuel,swept,2,66.1736
61.605,fuel,swept,2,68.1736
64.014,fuel,pointmaker,-0.16375,68.0099
64.026,fuel,pointmaker,-0.16375,67.8461
64.038,fuel,pointmaker,-0.16375,67.6824
64.055,fuel,pointmaker,-0.16375,67.5186
64.072,fuel,pointmaker,-0.16375,67.3549
64.088,fuel,pointmaker,-0.16375,67.1911
64.105,fuel,pointmaker,-0.16375,67.0274
64.123,fuel,pointmaker,-0.16375,66.8636
64.138,fuel,pointmaker,-0.16375,66.6999
64.155,fuel,pointmaker,-0.16375,66.5361
64.171,fuel,pointmaker,-0.16375,66.3724
64.188,fuel,pointmaker,-0.16375,66.2086
64.205,fuel,pointmaker,-0.16375,66.0449
64.222,fuel,pointmaker,-0.16375,65.8811
64.238,fuel,pointmaker,-0.16375,65.7174
64.255,fuel,pointmaker,-0.16375,65.5536
64.271,fuel,pointmaker,-0.16375,65.3899
64.288,fuel,pointmaker,-0.16375,65.2262
64.304,fuel,pointmaker,-0.16375,65.0624
64.323,fuel,pointmaker,-0.16375,64.8987
64.338,fuel,pointmaker,-0.16375,64.7349
64.355,fuel,pointmaker,-0.16375,64.5712
64.371,fuel,pointmaker,-0.16375,64.4074
64.388,fuel,pointmaker,-0.16375,64.2437
64.405,fuel,pointmaker,-0.16375,64.0799
64.423,fuel,pointmaker,-0.16375,63.9162
64.438,fuel,pointmaker,-0.16375,63.7524
64.455,fuel,pointmaker,-0.16375,63.5887
64.471,fuel,pointmaker,-0.16375,63.4249
64.488,fuel,pointmaker,-0.16375,63.2612
64.505,fuel,pointmaker,-0.16375,63.0974
64.522,fuel,pointmaker,-0.16375,62.9337
64.538,fuel,pointmaker,-0.16375,62.7699
64.555,fuel,pointmaker,-0.16375,62.6062
64.571,fuel,pointmaker,-0.16375,62.4424
64.588,fuel,pointmaker,-0.16375,62.2787
64.605,fuel,pointmaker,-0.16375,62.1149
64.621,fuel,pointmaker,-0.16375,61.9512
64.639,fuel,pointmaker,-0.16375,61.7874
64.655,fuel,pointmaker,-0.16375,61.6237
64.671,fuel,pointmaker,-0.16375,61.4599
64.688,fuel,pointmaker,-0.16375,61.2962
64.705,fuel,pointmaker,-0.16375,61.1324
64.722,fuel,pointmaker,-0.16375,60.9687
64.738,fuel,pointmaker,-0.16375,60.8049
64.756,fuel,pointmaker,-0.16375,60.6412
64.771,fuel,pointmaker,-0.16375,60.4774
64.788,fuel,pointmaker,-0.16375,60.3137
64.805,fuel,pointmaker,-0.16375,60.1499
64.821,fuel,pointmaker,-0.16375,59.9862
64.838,fuel,pointmaker,-0.16375,59.8224
64.854,fuel,pointmaker,-0.16375,59.6587
64.873,fuel,pointmaker,-0.16375,59.4949
64.888,fuel,pointmaker,-0.16375,59.3312
64.905,fuel,pointmaker,-0.16375,59.1674
64.921,fuel,pointmaker,-0.16375,59.0037
64.938,fuel,pointmaker,-0.16375,58.8399
64.954,fuel,pointmaker,-0.16375,58.6762
64.971,fuel,pointmaker,-0.16375,58.5124
64.99,fuel,pointmaker,-0.16375,58.3487
65.005,fuel,pointmaker,-0.16375,58.1849
65.021,fuel,pointmaker,-0.16375,58.0212
65.038,fuel,pointmaker,-0.16375,57.8574
65.055,fuel,pointmaker,-0.16375,57.6937
65.071,fuel,pointmaker,-0.16375,57.5299
65.09,fuel,pointmaker,-0.16375,57.3662
65.105,fuel,pointmaker,-0.16375,57.2024
65.121,fuel,pointmaker,-0.16375,57.0387
65.138,fuel,pointmaker,-0.16375,56.8749
65.155,fuel,pointmaker,-0.16375,56.7112
65.171,fuel,pointmaker,-0.16375,56.5474
65.188,fuel,pointmaker,-0.16375,56.3837
65.206,fuel,pointmaker,-0.16375,56.2199
65.221,fuel,pointmaker,-0.16375,56.0562
65.238,fuel,pointmaker,-0.16375,55.8924
65.255,fuel,pointmaker,-0.16375,55.7287
65.271,fuel,pointmaker,-0.16375,55.5649
65.288,fuel,pointmaker,-0.16375,55.4012
65.304,fuel,pointmaker,-0.16375,55.2374
65.323,fuel,pointmaker,-0.16375,55.0737
65.338,fuel,pointmaker,-0.16375,54.9099
65.355,fuel,pointmaker,-0.16375,54.7462
65.371,fuel,pointmaker,-0.16375,54.5824
65.388,fuel,pointmaker,-0.16375,54.4187
65.405,fuel,pointmaker,-0.16375,54.2549
65.421,fuel,pointmaker,-0.16375,54.0912
65.439,fuel,pointmaker,-0.16375,53.9274
65.455,fuel,pointmaker,-0.16375,53.7637
65.471,fuel,pointmaker,-0.16375,53.5999
65.488,fuel,pointmaker,-0.16375,53.4362
65.504,fuel,pointmaker,-0.16375,53.2724
65.521,fuel,pointmaker,-0.16375,53.1087
65.538,fuel,pointmaker,-0.16375,52.9449
65.556,fuel,pointmaker,-0.16375,52.7812
65.571,fuel,pointmaker,-0.16375,52.6174
65.588,fuel,pointmaker,-0.16375,52.4537
65.604,fuel,pointmaker,-0.16375,52.2899
65.621,fuel,pointmaker,-0.16375,52.1262
65.638,fuel,pointmaker,-0.16375,51.9624
65.654,fuel,pointmaker,-0.16375,51.7987
65.673,fuel,pointmaker,-0.16375,51.6349
65.688,fuel,pointmaker,-0.16375,51.4712
65.705,fuel,pointmaker,-0.16375,51.3074
65.721,fuel,pointmaker,-0.16375,51.1437
65.738,fuel,pointmaker,-0.16375,50.9799
65.755,fuel,pointmaker,-0.16375,50.8162
65.771,fuel,pointmaker,-0.16375,50.6524
65.789,fuel,pointmaker,-0.16375,50.4887
65.805,fuel,pointmaker,-0.16375,50.3249
65.821,fuel,pointmaker,-0.16375,50.1612
65.838,fuel,pointmaker,-0.16375,49.9974
65.854,fuel,pointmaker,-0.16375,49.8337
65.871,fuel,pointmaker,-0.16375,49.6699
65.888,fuel,pointmaker,-0.16375,49.5062
65.906,fuel,pointmaker,-0.16375,49.3424
65.921,fuel,pointmaker,-0.16375,49.1787
65.938,fuel,pointmaker,-0.16375,49.0149
65.955,fuel,pointmaker,-0.16375,48.8512
65.972,fuel,pointmaker,-0.16375,48.6874
65.988,fuel,pointmaker,-0.16375,48.5237
66.004,fuel,pointmaker,-0.16375,48.3599
66.022,fuel,pointmaker,-0.16375,48.1962
66.038,fuel,pointmaker,-0.16375,48.0324
66.055,fuel,pointmaker,-0.16375,47.8687
66.071,fuel,pointmaker,-0.16375,47.7049
66.088,fuel,pointmaker,-0.16375,47.5412
66.105,fuel,pointmaker,-0.16375,47.3774
66.131,bored,B0-A,,
83.974,arrived,B1-A,,
123.26,fuel,pointmaker,-2.9475,44.4299
123.715,fuel,pointmaker,-2.9475,41.4824
127.034,fuel,wand,-0.0852509,41.3972
127.043,fuel,wand,-0.0852509,41.3119
127.06,fuel,wand,-0.0852509,41.2267
127.078,fuel,wand,-0.0852509,41.1414
127.093,fuel,wand,-0.0852509,41.0562
127.11,fuel,wand,-0.0852509,40.9709
127.129,fuel,wand,-0.0852509,40.8857
127.145,fuel,wand,-0.0852509,40.8004
127.16,fuel,wand,-0.0852509,40.7152
127.178,fuel,wand,-0.0852509,40.6299
127.193,fuel,wand,-0.0852509,40.5447
127.21,fuel,wand,-0.0852509,40.4594
127.226,fuel,wand,-0.0852509,40.3742
127.243,fuel,wand,-0.0852509,40.2889
127.26,fuel,wand,-0.0852509,40.2037
127.276,fuel,wand,-0.0852509,40.1184
127.293,fuel,wand,-0.0852509,40.0332
127.31,fuel,wand,-0.0852509,39.9479
127.326,fuel,wand,-0.0852509,39.8627
127.343,fuel,wand,-0.0852509,39.7774
127.36,fuel,wand,-0.0852509,39.6922
127.376,fuel,wand,-0.0852509,39.6069
127.393,fuel,wand,-0.0852509,39.5217
127.41,fuel,wand,-0.0852509,39.4364
127.426,fuel,wand,-0.0852509,39.3512
127.443,fuel,wand,-0.0852509,39.2659
127.46,fuel,wand,-0.0852509,39.1807
127.477,fuel,wand,-0.0852509,39.0954
127.493,fuel,wand,-0.0852509,39.0102
127.51,fuel,wand,-0.0852509,38.9249
127.526,fuel,wand,-0.0852509,38.8397
127.543,fuel,wand,-0.0852509,38.7544
127.56,fuel,wand,-0.0852509,38.6692
127.576,fuel,wand,-0.0852509,38.5839
127.593,fuel,wand,-0.0852509,38.4987
127.61,fuel,wand,-0.0852509,38.4134
127.627,fuel,wand,-0.0852509,38.3282
127.643,fuel,wand,-0.0852509,38.2429
127.66,fuel,wand,-0.0852509,38.1577
127.676,fuel,wand,-0.0852509,38.0724
127.693,fuel,wand,-0.0852509,37.9872
127.71,fuel,wand,-0.0852509,37.9019
127.727,fuel,wand,-0.0852509,37.8167
127.743,fuel,wand,-0.0852509,37.7314
127.761,fuel,wand,-0.0852509,37.6461
127.777,fuel,wand,-0.0852509,37.5609
127.793,fuel,wand,-0.0852509,37.4756
127.81,fuel,wand,-0.0852509,37.3904
127.826,fuel,wand,-0.0852509,37.3051
127.843,fuel,wand,-0.0852509,37.2199
127.86,fuel,wand,-0.0852509,37.1346
127.877,fuel,wand,-0.0852509,37.0494
127.894,fuel,wand,-0.0852509,36.9641
127.91,fuel,wand,-0.0852509,36.8789
127.926,fuel,wand,-0.0852509,36.7936
127.943,fuel,wand,-0.0852509,36.7084
127.96,fuel,wand,-0.0852509,36.6231
127.976,fuel,wand,-0.0852509,36.5379
127.993,fuel,wand,-0.0852509,36.4526
128.011,fuel,wand,-0.0852509,36.3674
128.028,fuel,wand,-0.0852509,36.2821
128.043,fuel,wand,-0.0852509,36.1969
128.06,fuel,wand,-0.0852509,36.1116
128.077,fuel,wand,-0.0852509,36.0264
128.093,fuel,wand,-0.0852509,35.9411
128.111,fuel,wand,-0.0852509,35.8559
128.126,fuel,wand,-0.0852509,35.7706
128.143,fuel,wand,-0.0852509,35.6854
128.16,fuel,wand,-0.0852509,35.6001
128.177,fuel,wand,-0.0852509,35.5149
128.195,fuel,wand,-0.0852509,35.4296
128.21,fuel,wand,-0.0852509,35.3444
128.226,fuel,wand,-0.0852509,35.2591
128.243,fuel,wand,-0.0852509,35.1739
128.26,fuel,wand,-0.0852509,35.0886
128.278,fuel,wand,-0.0852509,35.0034
128.293,fuel,wand,-0.0852509,34.9181
128.311,fuel,wand,-0.0852509,34.8329
128.327,fuel,wand,-0.0852509,34.7476
128.344,fuel,wand,-0.0852509,34.6624
128.36,fuel,wand,-0.0852509,34.5771
128.377,fuel,wand,-0.0852509,34.4919
128.393,fuel,wand,-0.0852509,34.4066
128.411,fuel,wand,-0.0852509,34.3214
128.427,fuel,wand,-0.0852509,34.2361
128.443,fuel,wand,-0.0852509,34.1509
128.46,fuel,wand,-0.0852509,34.0656
128.477,fuel,wand,-0.0852509,33.9804
128.493,fuel,wand,-0.0852509,33.8951
128.511,fuel,wand,-0.0852509,33.8099
128.526,fuel,wand,-0.0852509,33.7246
128.543,fuel,wand,-0.0852509,33.6394
128.561,fuel,wand,-0.0852509,33.5541
128.577,fuel,wand,-0.0852509,33.4689
128.593,fuel,wand,-0.0852509,33.3836
128.61,fuel,wand,-0.0852509,33.2984
128.626,fuel,wand,-0.0852509,33.2131
128.643,fuel,wand,-0.0852509,33.1279
128.66,fuel,wand,-0.0852509,33.0426
128.676,fuel,wand,-0.0852509,32.9574
128.694,fuel,wand,-0.0852509,32.8721
128.71,fuel,wand,-0.0852509,32.7868
128.726,fuel,wand,-0.0852509,32.7016
128.744,fuel,wand,-0.0852509,32.6163
128.76,fuel,wand,-0.0852509,32.5311
128.777,fuel,wand,-0.0852509,32.4458
128.793,fuel,wand,-0.0852509,32.3606
128.81,fuel,wand,-0.0852509,32.2753
128.827,fuel,wand,-0.0852509,32.1901
128.843,fuel,wand,-0.0852509,32.1048
128.86,fuel,wand,-0.0852509,32.0196
128.876,fuel,wand,-0.0852509,31.9343
128.893,fuel,wand,-0.0852509,31.8491
128.91,fuel,wand,-0.0852509,31.7638
128.927,fuel,wand,-0.0852509,31.6786
128.943,fuel,wand,-0.0852509,31.5933
128.96,fuel,wand,-0.0852509,31.5081
128.982,fuel,wand,-0.0852509,31.4228
128.993,fuel,wand,-0.0852509,31.3376
129.01,fuel,wand,-0.0852509,31.2523
129.028,fuel,wand,-0.0852509,31.1671
129.043,fuel,wand,-0.0852509,31.0818
129.06,fuel,wand,-0.0852509,30.9966
129.076,fuel,wand,-0.0852509,30.9113
129.093,fuel,wand,-0.0852509,30.8261
129.11,fuel,wand,-0.0852509,30.7408
129.126,fuel,wand,-0.0852509,30.6556
129.143,fuel,wand,-0.0852509,30.5703
129.161,fuel,wand,-0.0852509,30.4851
129.176,fuel,wand,-0.0852509,30.3998
129.193,fuel,wand,-0.0852509,30.3146
129.21,fuel,wand,-0.0852509,30.2293
129.226,fuel,wand,-0.0852509,30.1441
129.243,fuel,wand,-0.0852509,30.0588
129.26,fuel,wand,-0.0852509,29.9736
129.276,fuel,wand,-0.0852509,29.8883
129.295,fuel,wand,-0.0852509,29.8031
129.31,fuel,wand,-0.0852509,29.7178
129.327,fuel,wand,-0.0852509,29.6326
129.343,fuel,wand,-0.0852509,29.5473
129.36,fuel,wand,-0.0852509,29.4621
129.376,fuel,wand,-0.0852509,29.3768
129.393,fuel,wand,-0.0852509,29.2916
129.41,fuel,wand,-0.0852509,29.2063
129.426,fuel,wand,-0.0852509,29.1211
129.443,fuel,wand,-0.0852509,29.0358
129.461,fuel,wand,-0.0852509,28.9506
129.476,fuel,wand,-0.0852509,28.8653
129.493,fuel,wand,-0.0852509,28.7801
129.51,fuel,wand,-0.0852509,28.6948
129.527,fuel,wand,-0.0852509,28.6096
129.543,fuel,wand,-0.0852509,28.5243
129.56,fuel,wand,-0.0852509,28.4391
129.576,fuel,wand,-0.0852509,28.3538
129.593,fuel,wand,-0.0852509,28.2686
129.611,fuel,wand,-0.0852509,28.1833
129.626,fuel,wand,-0.0852509,28.0981
129.643,fuel,wand,-0.0852509,28.0128
129.66,fuel,wand,-0.0852509,27.9276
129.676,fuel,wand,-0.0852509,27.8423
129.693,fuel,wand,-0.0852509,27.757
129.71,fuel,wand,-0.0852509,27.6718
129.727,fuel,wand,-0.0852509,27.5865
129.744,fuel,wand,-0.0852509,27.5013
129.76,fuel,wand,-0.0852509,27.416
129.777,fuel,wand,-0.0852509,27.3308
129.793,fuel,wand,-0.0852509,27.2455
129.81,fuel,wand,-0.0852509,27.1603
129.826,fuel,wand,-0.0852509,27.075
129.843,fuel,wand,-0.0852509,26.9898
129.86,fuel,wand,-0.0852509,26.9045
129.877,fuel,wand,-0.0852509,26.8193
129.893,fuel,wand,-0.0852509,26.734
129.91,fuel,wand,-0.0852509,26.6488
129.928,fuel,wand,-0.0852509,26.5635
129.943,fuel,wand,-0.0852509,26.4783
129.96,fuel,wand,-0.0852509,26.393
129.976,fuel,wand,-0.0852509,26.3078
129.993,fuel,wand,-0.0852509,26.2225
130.01,fuel,wand,-0.0852509,26.1373
130.027,fuel,wand,-0.0852509,26.052
130.043,fuel,wand,-0.0852509,25.9668
130.061,fuel,wand,-0.0852509,25.8815
130.076,fuel,wand,-0.0852509,25.7963
130.093,fuel,wand,-0.0852509,25.711
130.11,fuel,wand,-0.0852509,25.6258
130.127,fuel,wand,-0.0852509,25.5405
130.143,fuel,wand,-0.0852509,25.4553
130.16,fuel,wand,-0.0852509,25.37
130.176,fuel,wand,-0.0852509,25.2848
130.194,fuel,wand,-0.0852509,25.1995
130.21,fuel,wand,-0.0852509,25.1143
130.228,fuel,wand,-0.0852509,25.029
130.243,fuel,wand,-0.0852509,24.9438
130.26,fuel,wand,-0.0852509,24.8585
130.278,fuel,wand,-0.0852509,24.7733
130.293,fuel,wand,-0.0852509,24.688
130.31,fuel,wand,-0.0852509,24.6028
130.327,fuel,wand,-0.0852509,24.5175
130.343,fuel,wand,-0.0852509,24.4323
130.36,fuel,wand,-0.0852509,24.347
130.376,fuel,wand,-0.0852509,24.2618
130.393,fuel,wand,-0.0852509,24.1765
130.411,fuel,wand,-0.0852509,24.0913
130.426,fuel,wand,-0.0852509,24.006
130.443,fuel,wand,-0.0852509,23.9208
130.46,fuel,wand,-0.0852509,23.8355
131.026,fuel,swept,5,28.8355
131.268,fuel,wand,-0.0852509,28.7503
131.277,fuel,wand,-0.0852509,28.665
131.293,fuel,wand,-0.0852509,28.5798
131.31,fuel,wand,-0.0852509,28.4945
131.327,fuel,wand,-0.0852509,28.4093
131.343,fuel,wand,-0.0852509,28.324
131.36,fuel,wand,-0.0852509,28.2388
131.376,fuel,wand,-0.0852509,28.1535
131.393,fuel,wand,-0.0852509,28.0683
131.41,fuel,wand,-0.0852509,27.983
131.426,fuel,wand,-0.0852509,27.8978
131.443,fuel,wand,-0.0852509,27.8125
131.461,fuel,wand,-0.0852509,27.7272
131.476,fuel,wand,-0.0852509,27.642
131.493,fuel,wand,-0.0852509,27.5567
131.509,fuel,wand,-0.0852509,27.4715
131.527,fuel,wand,-0.0852509,27.3862
131.543,fuel,wand,-0.0852509,27.301
131.56,fuel,wand,-0.0852509,27.2157
131.576,fuel,wand,-0.0852509,27.1305
131.594,fuel,wand,-0.0852509,27.0452
131.61,fuel,wand,-0.0852509,26.96
131.626,fuel,wand,-0.0852509,26.8747
131.643,fuel,wand,-0.0852509,26.7895
131.66,fuel,wand,-0.0852509,26.7042
131.676,fuel,wand,-0.0852509,26.619
131.693,fuel,wand,-0.0852509,26.5337
131.71,fuel,wand,-0.0852509,26.4485
131.726,fuel,wand,-0.0852509,26.3632
131.745,fuel,wand,-0.0852509,26.278
131.76,fuel,wand,-0.0852509,26.1927
131.776,fuel,wand,-0.0852509,26.1075
131.793,fuel,wand,-0.0852509,26.0222
131.81,fuel,wand,-0.0852509,25.937
131.827,fuel,wand,-0.0852509,25.8517
131.843,fuel,wand,-0.0852509,25.7665
131.86,fuel,wand,-0.0852509,25.6812
131.877,fuel,wand,-0.0852509,25.596
131.894,fuel,wand,-0.0852509,25.5107
131.91,fuel,wand,-0.0852509,25.4255
131.926,fuel,wand,-0.0852509,25.3402
131.943,fuel,wand,-0.0852509,25.255
131.96,fuel,wand,-0.0852509,25.1697
131.976,fuel,wand,-0.0852509,25.0845
131.993,fuel,wand,-0.0852509,24.9992
132.01,fuel,wand,-0.0852509,24.914
132.026,fuel,wand,-0.0852509,24.8287
132.043,fuel,wand,-0.0852509,24.7435
132.06,fuel,wand,-0.0852509,24.6582
132.076,fuel,wand,-0.0852509,24.573
132.093,fuel,wand,-0.0852509,24.4877
132.11,fuel,wand,-0.0852509,24.4025
132.129,fuel,wand,-0.0852509,24.3172
132.143,fuel,wand,-0.0852509,24.232
132.16,fuel,wand,-0.0852509,24.1467
132.177,fuel,wand,-0.0852509,24.0615
132.194,fuel,wand,-0.0852509,23.9762
132.21,fuel,wand,-0.0852509,23.891
132.226,fuel,wand,-0.0852509,23.8057
132.243,fuel,wand,-0.0852509,23.7205
132.26,fuel,wand,-0.0852509,23.6352
132.276,fuel,wand,-0.0852509,23.55
132.293,fuel,wand,-0.0852509,23.4647
132.309,fuel,wand,-0.0852509,23.3795
132.326,fuel,wand,-0.0852509,23.2942
132.345,fuel,wand,-0.0852509,23.209
132.36,fuel,wand,-0.0852509,23.1237
132.376,fuel,wand,-0.0852509,23.0385
132.393,fuel,wand,-0.0852509,22.9532
132.41,fuel,wand,-0.0852509,22.868
132.428,fuel,wand,-0.0852509,22.7827
132.443,fuel,wand,-0.0852509,22.6974
132.46,fuel,wand,-0.0852509,22.6122
132.476,fuel,wand,-0.0852509,22.5269
132.493,fuel,wand,-0.0852509,22.4417
132.51,fuel,wand,-0.0852509,22.3564
132.526,fuel,wand,-0.0852509,22.2712
132.543,fuel,wand,-0.0852509,22.1859
132.56,fuel,wand,-0.0852509,22.1007
132.578,fuel,wand,-0.0852509,22.0154
132.593,fuel,wand,-0.0852509,21.9302
132.61,fuel,wand,-0.0852509,21.8449
133.051,fuel,wand,-0.0852509,21.7597
133.06,fuel,wand,-0.0852509,21.6744
133.076,fuel,wand,-0.0852509,21.5892
133.093,fuel,wand,-0.0852509,21.5039
133.109,fuel,wand,-0.0852509,21.4187
133.126,fuel,wand,-0.0852509,21.3334
133.144,fuel,wand,-0.0852509,21.2482
133.159,fuel,wand,-0.0852509,21.1629
133.176,fuel,wand,-0.0852509,21.0777
133.193,fuel,wand,-0.0852509,20.9924
133.21,fuel,wand,-0.0852509,20.9072
133.226,fuel,wand,-0.0852509,20.8219
133.243,fuel,wand,-0.0852509,20.7367
133.259,fuel,wand,-0.0852509,20.6514
133.278,fuel,wand,-0.0852509,20.5662
133.293,fuel,wand,-0.0852509,20.4809
133.31,fuel,wand,-0.0852509,20.3957
133.326,fuel,wand,-0.0852509,20.3104
133.343,fuel,wand,-0.0852509,20.2252
133.36,fuel,wand,-0.0852509,20.1399
133.376,fuel,wand,-0.0852509,20.0547
133.393,fuel,wand,-0.0852509,19.9694
133.393,fuel,swept,4,23.9694
133.41,fuel,wand,-0.0852509,23.8842
133.426,fuel,wand,-0.0852509,23.7989
133.443,fuel,wand,-0.0852509,23.7137
133.461,fuel,wand,-0.0852509,23.6284
133.476,fuel,wand,-0.0852509,23.5432
133.493,fuel,wand,-0.0852509,23.4579
133.509,fuel,wand,-0.0852509,23.3727
133.526,fuel,wand,-0.0852509,23.2874
133.543,fuel,wand,-0.0852509,23.2022
133.56,fuel,wand,-0.0852509,23.1169
133.576,fuel,wand,-0.0852509,23.0317
133.595,fuel,wand,-0.0852509,22.9464
133.61,fuel,wand,-0.0852509,22.8612
133.627,fuel,wand,-0.0852509,22.7759
133.643,fuel,wand,-0.0852509,22.6907
133.66,fuel,wand,-0.0852509,22.6054
133.677,fuel,wand,-0.0852509,22.5202
133.693,fuel,wand,-0.0852509,22.4349
133.709,fuel,wand,-0.0852509,22.3497
133.726,fuel,wand,-0.0852509,22.2644
133.743,fuel,wand,-0.0852509,22.1792
133.761,fuel,wand,-0.0852509,22.0939
133.777,fuel,wand,-0.0852509,22.0087
133.793,fuel,wand,-0.0852509,21.9234
133.81,fuel,wand,-0.0852509,21.8382
133.826,fuel,wand,-0.0852509,21.7529
133.844,fuel,wand,-0.0852509,21.6676
133.86,fuel,wand,-0.0852509,21.5824
133.876,fuel,wand,-0.0852509,21.4971
133.893,fuel,wand,-0.0852509,21.4119
133.909,fuel,wand,-0.0852509,21.3266
133.926,fuel,wand,-0.0852509,21.2414
133.943,fuel,wand,-0.0852509,21.1561
133.959,fuel,wand,-0.0852509,21.0709
133.976,fuel,wand,-0.0852509,20.9856
133.993,fuel,wand,-0.0852509,20.9004
134.01,fuel,wand,-0.0852509,20.8151
134.026,fuel,wand,-0.0852509,20.7299
134.043,fuel,wand,-0.0852509,20.6446
134.061,fuel,wand,-0.0852509,20.5594
134.076,fuel,wand,-0.0852509,20.4741
134.093,fuel,wand,-0.0852509,20.3889
134.109,fuel,wand,-0.0852509,20.3036
134.126,fuel,wand,-0.0852509,20.2184
134.143,fuel,wand,-0.0852509,20.1331
134.16,fuel,wand,-0.0852509,20.0479
134.177,fuel,wand,-0.0852509,19.9626
134.193,fuel,wand,-0.0852509,19.8774
134.21,fuel,wand,-0.0852509,19.7921
134.226,fuel,wand,-0.0852509,19.7069
134.245,fuel,wand,-0.0852509,19.6216
134.26,fuel,wand,-0.0852509,19.5364
134.276,fuel,wand,-0.0852509,19.4511
134.293,fuel,wand,-0.0852509,19.3659
134.309,fuel,wand,-0.0852509,19.2806
134.326,fuel,wand,-0.0852509,19.1954
134.343,fuel,wand,-0.0852509,19.1101
134.359,fuel,wand,-0.0852509,19.0249
134.376,fuel,wand,-0.0852509,18.9396
134.394,fuel,wand,-0.0852509,18.8544
134.409,fuel,wand,-0.0852509,18.7691
134.427,fuel,wand,-0.0852509,18.6839
134.443,fuel,wand,-0.0852509,18.5986
134.46,fuel,wand,-0.0852509,18.5134
134.476,fuel,wand,-0.0852509,18.4281
134.493,fuel,wand,-0.0852509,18.3429
134.509,fuel,wand,-0.0852509,18.2576
134.526,fuel,wand,-0.0852509,18.1724
134.543,fuel,wand,-0.0852509,18.0871
134.561,fuel,wand,-0.0852509,18.0019
134.576,fuel,wand,-0.0852509,17.9166
135.093,fuel,swept,2,19.9166
135.768,fuel,wand,-0.0852509,19.8314
135.776,fuel,wand,-0.0852509,19.7461
135.794,fuel,wand,-0.0852509,19.6609
135.81,fuel,wand,-0.0852509,19.5756
135.826,fuel,wand,-0.0852509,19.4904
135.843,fuel,wand,-0.0852509,19.4051
135.859,fuel,wand,-0.0852509,19.3199
135.876,fuel,wand,-0.0852509,19.2346
135.894,fuel,wand,-0.0852509,19.1494
135.909,fuel,wand,-0.0852509,19.0641
135.926,fuel,wand,-0.0852509,18.9789
135.943,fuel,wand,-0.0852509,18.8936
135.959,fuel,wand,-0.0852509,18.8083
135.976,fuel,wand,-0.0852509,18.7231
135.993,fuel,wand,-0.0852509,18.6378
136.009,fuel,wand,-0.0852509,18.5526
136.026,fuel,wand,-0.0852509,18.4673
136.043,fuel,wand,-0.0852509,18.3821
136.059,fuel,wand,-0.0852509,18.2968
136.076,fuel,wand,-0.0852509,18.2116
136.093,fuel,wand,-0.0852509,18.1263
136.109,fuel,wand,-0.0852509,18.0411
136.126,fuel,wand,-0.0852509,17.9558
136.143,fuel,wand,-0.0852509,17.8706
136.159,fuel,wand,-0.0852509,17.7853
136.176,fuel,wand,-0.0852509,17.7001
136.197,fuel,wand,-0.0852509,17.6148
136.209,fuel,wand,-0.0852509,17.5296
136.226,fuel,wand,-0.0852509,17.4443
136.243,fuel,wand,-0.0852509,17.3591
136.26,fuel,wand,-0.0852509,17.2738
136.276,fuel,wand,-0.0852509,17.1886
136.293,fuel,wand,-0.0852509,17.1033
136.309,fuel,wand,-0.0852509,17.0181
136.326,fuel,wand,-0.0852509,16.9328
136.343,fuel,wand,-0.0852509,16.8476
136.36,fuel,wand,-0.0852509,16.7623
136.376,fuel,wand,-0.0852509,16.6771
136.393,fuel,wand,-0.0852509,16.5918
136.409,fuel,wand,-0.0852509,16.5066
136.427,fuel,wand,-0.0852509,16.4213
136.443,fuel,wand,-0.0852509,16.3361
136.459,fuel,wand,-0.0852509,16.2508
136.477,fuel,wand,-0.0852509,16.1656
137,fuel,wand,-0.0852509,16.0803
137.01,fuel,wand,-0.0852499,15.9951
137.026,fuel,wand,-0.0852499,15.9098
137.043,fuel,wand,-0.0852499,15.8246
137.06,fuel,wand,-0.0852499,15.7393
137.077,fuel,wand,-0.0852499,15.6541
137.093,fuel,wand,-0.0852499,15.5688
137.109,fuel,wand,-0.0852499,15.4836
137.126,fuel,wand,-0.0852499,15.3983
137.143,fuel,wand,-0.0852499,15.3131
137.159,fuel,wand,-0.0852499,15.2278
137.176,fuel,wand,-0.0852499,15.1426
137.193,fuel,wand,-0.0852499,15.0573
137.209,fuel,wand,-0.0852499,14.9721
137.226,fuel,wand,-0.0852499,14.8868
137.243,fuel,wand,-0.0852499,14.8016
137.259,fuel,wand,-0.0852499,14.7163
137.276,fuel,wand,-0.0852499,14.6311
137.293,fuel,wand,-0.0852499,14.5458
137.309,fuel,wand,-0.0852499,14.4606
137.326,fuel,wand,-0.0852499,14.3753
137.343,fuel,wand,-0.0852499,14.2901
137.359,fuel,wand,-0.0852499,14.2048
137.376,fuel,wand,-0.0852499,14.1196
137.393,fuel,wand,-0.0852499,14.0343
137.411,fuel,wand,-0.0852499,13.9491
137.493,fuel,swept,1,14.9491
137.959,fuel,swept,3,17.9491
138.434,fuel,wand,-0.0852509,17.8638
138.443,fuel,wand,-0.0852509,17.7786
138.46,fuel,wand,-0.0852509,17.6933
138.478,fuel,wand,-0.0852509,17.6081
138.493,fuel,wand,-0.0852509,17.5228
138.509,fuel,wand,-0.0852509,17.4376
138.526,fuel,wand,-0.0852509,17.3523
138.543,fuel,wand,-0.0852509,17.2671
138.559,fuel,wand,-0.0852509,17.1818
138.576,fuel,wand,-0.0852509,17.0966
138.593,fuel,wand,-0.0852509,17.0113
138.609,fuel,wand,-0.0852509,16.9261
138.626,fuel,wand,-0.0852509,16.8408
138.643,fuel,wand,-0.0852509,16.7556
138.659,fuel,wand,-0.0852509,16.6703
138.676,fuel,wand,-0.0852509,16.5851
138.693,fuel,wand,-0.0852509,16.4998
138.709,fuel,wand,-0.0852509,16.4146
138.726,fuel,wand,-0.0852509,16.3293
138.743,fuel,wand,-0.0852509,16.2441
138.76,fuel,wand,-0.0852509,16.1588
138.776,fuel,wand,-0.0852509,16.0736
138.793,fuel,wand,-0.0852499,15.9883
138.809,fuel,wand,-0.0852499,15.9031
138.826,fuel,wand,-0.0852499,15.8178
138.843,fuel,wand,-0.0852499,15.7326
138.859,fuel,wand,-0.0852499,15.6473
138.876,fuel,wand,-0.0852499,15.5621
138.893,fuel,wand,-0.0852499,15.4768
138.911,fuel,wand,-0.0852499,15.3916
138.926,fuel,wand,-0.0852499,15.3063
138.926,fuel,swept,2,17.3063
138.943,fuel,wand,-0.0852509,17.2211
138.959,fuel,wand,-0.0852509,17.1358
138.976,fuel,wand,-0.0852509,17.0506
138.993,fuel,wand,-0.0852509,16.9653
139.009,fuel,wand,-0.0852509,16.8801
139.026,fuel,wand,-0.0852509,16.7948
139.043,fuel,wand,-0.0852509,16.7095
139.059,fuel,wand,-0.0852509,16.6243
139.077,fuel,wand,-0.0852509,16.539
139.093,fuel,wand,-0.0852509,16.4538
139.11,fuel,wand,-0.0852509,16.3685
139.126,fuel,wand,-0.0852509,16.2833
139.143,fuel,wand,-0.0852509,16.198
139.159,fuel,wand,-0.0852509,16.1128
139.177,fuel,wand,-0.0852509,16.0275
139.193,fuel,wand,-0.0852499,15.9423
139.209,fuel,wand,-0.0852499,15.857
139.226,fuel,wand,-0.0852499,15.7718
139.243,fuel,wand,-0.0852499,15.6865
139.259,fuel,wand,-0.0852499,15.6013
139.276,fuel,wand,-0.0852499,15.516
139.293,fuel,wand,-0.0852499,15.4308
139.311,fuel,wand,-0.0852499,15.3455
139.326,fuel,wand,-0.0852499,15.2603
139.343,fuel,wand,-0.0852499,15.175
139.359,fuel,wand,-0.0852499,15.0898
139.376,fuel,wand,-0.0852499,15.0045
139.393,fuel,wand,-0.0852499,14.9193
139.409,fuel,wand,-0.0852499,14.834
139.426,fuel,wand,-0.0852499,14.7488
139.443,fuel,wand,-0.0852499,14.6635
139.459,fuel,wand,-0.0852499,14.5783
139.476,fuel,wand,-0.0852499,14.493
139.493,fuel,wand,-0.0852499,14.4078
139.511,fuel,wand,-0.0852499,14.3225
139.526,fuel,wand,-0.0852499,14.2373
139.543,fuel,wand,-0.0852499,14.152
139.56,fuel,wand,-0.0852499,14.0668
139.576,fuel,wand,-0.0852499,13.9815
139.593,fuel,wand,-0.0852499,13.8963
139.609,fuel,wand,-0.0852499,13.811
139.626,fuel,wand,-0.0852499,13.7258
139.643,fuel,wand,-0.0852499,13.6405
139.661,fuel,wand,-0.0852499,13.5553
139.676,fuel,wand,-0.0852499,13.47
139.988,fuel,wand,-0.0852499,13.3848
139.993,fuel,wand,-0.0852499,13.2995
140.009,fuel,wand,-0.0852499,13.2143
140.026,fuel,wand,-0.0852499,13.129
140.043,fuel,wand,-0.0852499,13.0438
140.059,fuel,wand,-0.0852499,12.9585
140.076,fuel,wand,-0.0852499,12.8733
140.093,fuel,wand,-0.0852499,12.788
140.109,fuel,wand,-0.0852499,12.7028
140.126,fuel,wand,-0.0852499,12.6175
140.143,fuel,wand,-0.0852499,12.5323
140.16,fuel,wand,-0.0852499,12.447
140.176,fuel,wand,-0.0852499,12.3618
140.193,fuel,wand,-0.0852499,12.2765
140.211,fuel,wand,-0.0852499,12.1913
140.226,fuel,wand,-0.0852499,12.106
140.243,fuel,wand,-0.0852499,12.0208
140.259,fuel,wand,-0.0852499,11.9355
140.276,fuel,wand,-0.0852499,11.8503
140.293,fuel,wand,-0.0852499,11.765
140.309,fuel,wand,-0.0852499,11.6798
140.326,fuel,wand,-0.0852499,11.5945
140.344,fuel,wand,-0.0852499,11.5093
140.359,fuel,wand,-0.0852499,11.424
140.376,fuel,wand,-0.0852499,11.3388
140.393,fuel,wand,-0.0852499,11.2535
140.409,fuel,wand,-0.0852499,11.1683
140.426,fuel,wand,-0.0852499,11.083
140.443,fuel,wand,-0.0852499,10.9978
140.464,fuel,wand,-0.0852499,10.9125
140.476,fuel,wand,-0.0852499,10.8273
140.493,fuel,wand,-0.0852499,10.742
140.511,fuel,wand,-0.0852499,10.6568
140.526,fuel,wand,-0.0852499,10.5715
140.543,fuel,wand,-0.0852499,10.4863
140.559,fuel,wand,-0.0852499,10.401
140.576,fuel,wand,-0.0852499,10.3158
140.593,fuel,wand,-0.0852499,10.2305
140.609,fuel,wand,-0.0852499,10.1453
140.626,fuel,wand,-0.0852499,10.06
140.643,fuel,wand,-0.0852499,9.9748
140.659,fuel,wand,-0.0852499,9.88955
140.676,fuel,wand,-0.0852499,9.8043
140.694,fuel,wand,-0.0852499,9.71905
140.709,fuel,wand,-0.0852499,9.6338
140.726,fuel,wand,-0.0852499,9.54855
140.743,fuel,wand,-0.0852499,9.4633
140.759,fuel,wand,-0.0852499,9.37805
140.776,fuel,wand,-0.0852499,9.2928
140.793,fuel,wand,-0.0852499,9.20755
140.809,fuel,wand,-0.0852499,9.1223
140.826,fuel,wand,-0.0852499,9.03705
140.844,fuel,wand,-0.0852499,8.9518
140.859,fuel,wand,-0.0852499,8.86655
140.876,fuel,wand,-0.0852499,8.7813
140.893,fuel,wand,-0.0852499,8.69605
140.909,fuel,wand,-0.0852499,8.6108
140.926,fuel,wand,-0.0852499,8.52555
140.943,fuel,wand,-0.0852499,8.4403
140.959,fuel,wand,-0.0852499,8.35505
140.977,fuel,wand,-0.0852499,8.2698
140.993,fuel,wand,-0.0852499,8.18455
141.012,fuel,wand,-0.0852499,8.0993
141.028,fuel,wand,-0.0852499,8.01405
141.043,fuel,wand,-0.0852499,7.9288
141.059,fuel,wand,-0.0852499,7.84355
141.076,fuel,wand,-0.0852499,7.7583
141.093,fuel,wand,-0.0852499,7.67305
141.109,fuel,wand,-0.0852499,7.5878
141.126,fuel,wand,-0.0852499,7.50255
141.144,fuel,wand,-0.0852499,7.4173
141.159,fuel,wand,-0.0852499,7.33205
141.176,fuel,wand,-0.0852499,7.2468
141.193,fuel,wand,-0.0852499,7.16155
141.209,fuel,wand,-0.0852499,7.0763
141.228,fuel,wand,-0.0852499,6.99105
141.243,fuel,wand,-0.0852499,6.9058
141.259,fuel,wand,-0.0852499,6.82055
141.276,fuel,wand,-0.0852499,6.7353
141.293,fuel,wand,-0.0852499,6.65005
141.309,fuel,wand,-0.0852499,6.5648
141.326,fuel,wand,-0.0852499,6.47955
141.343,fuel,wand,-0.0852499,6.3943
141.359,fuel,wand,-0.0852499,6.30905
141.376,fuel,wand,-0.0852499,6.2238
141.393,fuel,wand,-0.0852499,6.13855
141.41,fuel,wand,-0.0852499,6.0533
141.426,fuel,wand,-0.0852499,5.96805
141.443,fuel,wand,-0.0852499,5.8828
141.459,fuel,wand,-0.0852499,5.79755
141.476,fuel,wand,-0.0852499,5.7123
141.493,fuel,wand,-0.0852499,5.62705
141.509,fuel,wand,-0.0852499,5.5418
141.526,fuel,wand,-0.0852499,5.45655
141.545,fuel,wand,-0.0852499,5.3713
141.559,fuel,wand,-0.0852499,5.28605
141.576,fuel,wand,-0.0852499,5.2008
141.593,fuel,wand,-0.0852499,5.11555
141.609,fuel,wand,-0.0852499,5.0303
145.211,fuel,swept,5,10.0303
145.276,fuel,swept,4,14.0303
145.293,fuel,swept,2,16.0303
146.142,fuel,swept,2,18.0303
146.926,fuel,swept,2,20.0303
148.483,fuel,wand,-0.0852509,19.9451
148.492,fuel,wand,-0.0852509,19.8598
148.511,fuel,wand,-0.0852509,19.7746
148.513,fuel,wand,-0.0852509,19.6893
148.543,fuel,wand,-0.0852509,19.604
148.543,fuel,wand,-0.0852509,19.5188
148.576,fuel,wand,-0.0852509,19.4335
148.592,fuel,wand,-0.0852509,19.3483
148.609,fuel,wand,-0.0852509,19.263
148.625,fuel,wand,-0.0852509,19.1778
148.644,fuel,wand,-0.0852509,19.0925
148.644,fuel,wand,-0.0852509,19.0073
148.676,fuel,wand,-0.0852509,18.922
148.692,fuel,wand,-0.0852509,18.8368
148.709,fuel,wand,-0.0852509,18.7515
148.725,fuel,wand,-0.0852509,18.6663
148.743,fuel,wand,-0.0852509,18.581
148.743,fuel,wand,-0.0852509,18.4958
148.777,fuel,wand,-0.0852509,18.4105
148.792,fuel,wand,-0.0852509,18.3253
148.813,fuel,wand,-0.0852509,18.24
148.813,fuel,wand,-0.0852509,18.1548
148.842,fuel,wand,-0.0852509,18.0695
148.859,fuel,wand,-0.0852509,17.9843
148.876,fuel,wand,-0.0852509,17.899
148.893,fuel,wand,-0.0852509,17.8138
148.894,fuel,wand,-0.0852509,17.7285
148.926,fuel,wand,-0.0852509,17.6433
148.943,fuel,wand,-0.0852509,17.558
148.959,fuel,wand,-0.0852509,17.4728
148.976,fuel,wand,-0.0852509,17.3875
148.992,fuel,wand,-0.0852509,17.3023
149.011,fuel,wand,-0.0852509,17.217
149.026,fuel,wand,-0.0852509,17.1318
149.042,fuel,wand,-0.0852509,17.0465
149.059,fuel,wand,-0.0852509,16.9613
149.06,fuel,wand,-0.0852509,16.876
149.092,fuel,wand,-0.0852509,16.7908
149.11,fuel,wand,-0.0852509,16.7055
149.111,fuel,wand,-0.0852509,16.6203
149.126,fuel,wand,-0.0852509,16.535
149.16,fuel,wand,-0.0852509,16.4498
149.176,fuel,wand,-0.0852509,16.3645
149.176,fuel,wand,-0.0852509,16.2793
149.192,fuel,wand,-0.0852509,16.194
149.226,fuel,wand,-0.0852509,16.1088
149.243,fuel,wand,-0.0852509,16.0235
149.259,fuel,wand,-0.0852499,15.9383
149.259,fuel,wand,-0.0852499,15.853
149.276,fuel,wand,-0.0852499,15.7678
149.309,fuel,wand,-0.0852499,15.6825
149.326,fuel,wand,-0.0852499,15.5973
149.342,fuel,wand,-0.0852499,15.512
149.343,fuel,wand,-0.0852499,15.4268
149.376,fuel,wand,-0.0852499,15.3415
149.392,fuel,wand,-0.0852499,15.2563
149.394,fuel,wand,-0.0852499,15.171
149.426,fuel,wand,-0.0852499,15.0858
149.442,fuel,wand,-0.0852499,15.0005
149.459,fuel,wand,-0.0852499,14.9153
149.476,fuel,wand,-0.0852499,14.83
149.493,fuel,wand,-0.0852499,14.7448
149.493,fuel,wand,-0.0852499,14.6595
149.526,fuel,wand,-0.0852499,14.5743
149.542,fuel,wand,-0.0852499,14.489
149.544,fuel,wand,-0.0852499,14.4038
149.576,fuel,wand,-0.0852499,14.3185
149.592,fuel,wand,-0.0852499,14.2333
149.609,fuel,wand,-0.0852499,14.148
149.626,fuel,wand,-0.0852499,14.0628
149.642,fuel,wand,-0.0852499,13.9775
149.643,fuel,wand,-0.0852499,13.8923
149.676,fuel,wand,-0.0852499,13.807
149.694,fuel,wand,-0.0852499,13.7218
149.696,fuel,wand,-0.0852499,13.6365
149.726,fuel,wand,-0.0852499,13.5513
149.726,fuel,wand,-0.0852499,13.466
149.742,fuel,wand,-0.0852499,13.3808
149.776,fuel,wand,-0.0852499,13.2955
149.793,fuel,wand,-0.0852499,13.2103
149.793,fuel,wand,-0.0852499,13.125
149.827,fuel,wand,-0.0852499,13.0398
149.842,fuel,wand,-0.0852499,12.9545
149.859,fuel,wand,-0.0852499,12.8693
149.876,fuel,wand,-0.0852499,12.784
149.892,fuel,wand,-0.0852499,12.6988
149.893,fuel,wand,-0.0852499,12.6135
149.926,fuel,wand,-0.0852499,12.5283
149.942,fuel,wand,-0.0852499,12.443
149.961,fuel,wand,-0.0852499,12.3578
149.975,fuel,wand,-0.0852499,12.2725
149.992,fuel,wand,-0.0852499,12.1873
150.01,fuel,wand,-0.0852499,12.102
150.01,fuel,wand,-0.0852499,12.0168
150.042,fuel,wand,-0.0852499,11.9315
150.059,fuel,wand,-0.0852499,11.8463
150.075,fuel,wand,-0.0852499,11.761
150.525,fuel,swept,1,12.761
150.594,fuel,swept,3,15.761
150.959,fuel,swept,5,20.761
152.659,fuel,swept,3,23.761
152.711,fuel,swept,2,25.761
153.325,fuel,swept,3,28.761
155.933,fuel,wand,-0.0852509,28.6758
155.942,fuel,wand,-0.0852509,28.5905
155.96,fuel,wand,-0.0852509,28.5053
155.975,fuel,wand,-0.0852509,28.42
155.993,fuel,wand,-0.0852509,28.3348
156.009,fuel,wand,-0.0852509,28.2495
156.025,fuel,wand,-0.0852509,28.1643
156.042,fuel,wand,-0.0852509,28.079
156.059,fuel,wand,-0.0852509,27.9938
156.076,fuel,wand,-0.0852509,27.9085
156.094,fuel,wand,-0.0852509,27.8233
156.109,fuel,wand,-0.0852509,27.738
156.125,fuel,wand,-0.0852509,27.6528
156.142,fuel,wand,-0.0852509,27.5675
156.159,fuel,wand,-0.0852509,27.4823
156.175,fuel,wand,-0.0852509,27.397
156.192,fuel,wand,-0.0852509,27.3118
156.21,fuel,wand,-0.0852509,27.2265
156.225,fuel,wand,-0.0852509,27.1413
156.243,fuel,wand,-0.0852509,27.056
156.243,fuel,wand,-0.0852509,26.9708
156.275,fuel,wand,-0.0852509,26.8855
156.292,fuel,wand,-0.0852509,26.8002
156.309,fuel,wand,-0.0852509,26.715
156.325,fuel,wand,-0.0852509,26.6297
156.343,fuel,wand,-0.0852509,26.5445
156.576,fuel,swept,1,27.5445
156.799,fuel,wand,-0.0852509,27.4592
156.809,fuel,wand,-0.0852509,27.374
156.825,fuel,wand,-0.0852509,27.2887
156.842,fuel,wand,-0.0852509,27.2035
156.858,fuel,wand,-0.0852509,27.1182
156.875,fuel,wand,-0.0852509,27.033
156.893,fuel,wand,-0.0852509,26.9477
156.909,fuel,wand,-0.0852509,26.8625
156.925,fuel,wand,-0.0852509,26.7772
156.942,fuel,wand,-0.0852509,26.692
156.959,fuel,wand,-0.0852509,26.6067
156.975,fuel,wand,-0.0852509,26.5215
156.992,fuel,wand,-0.0852509,26.4362
157.009,fuel,wand,-0.0852509,26.351
157.026,fuel,wand,-0.0852509,26.2657
157.042,fuel,wand,-0.0852509,26.1805
157.059,fuel,wand,-0.0852509,26.0952
157.075,fuel,wand,-0.0852509,26.01
157.092,fuel,wand,-0.0852509,25.9247
157.109,fuel,wand,-0.0852509,25.8395
157.125,fuel,wand,-0.0852509,25.7542
157.142,fuel,wand,-0.0852509,25.669
157.16,fuel,wand,-0.0852509,25.5837
157.175,fuel,wand,-0.0852509,25.4985
157.192,fuel,wand,-0.0852509,25.4132
157.209,fuel,wand,-0.0852509,25.328
157.21,fuel,wand,-0.0852509,25.2427
157.242,fuel,wand,-0.0852509,25.1575
157.259,fuel,wand,-0.0852509,25.0722
157.275,fuel,wand,-0.0852509,24.987
157.292,fuel,wand,-0.0852509,24.9017
157.309,fuel,wand,-0.0852509,24.8165
157.325,fuel,wand,-0.0852509,24.7312
157.342,fuel,wand,-0.0852509,24.646
157.358,fuel,wand,-0.0852509,24.5607
157.375,fuel,wand,-0.0852509,24.4755
157.392,fuel,wand,-0.0852509,24.3902
157.409,fuel,wand,-0.0852509,24.305
157.425,fuel,wand,-0.0852509,24.2197
157.442,fuel,wand,-0.0852509,24.1345
157.458,fuel,wand,-0.0852509,24.0492
157.475,fuel,wand,-0.0852509,23.964
157.492,fuel,wand,-0.0852509,23.8787
157.509,fuel,wand,-0.0852509,23.7935
157.525,fuel,wand,-0.0852509,23.7082
157.542,fuel,wand,-0.0852509,23.623
157.842,fuel,swept,3,26.623
158.042,fuel,swept,4,30.623
160.149,fuel,wand,-0.0852509,30.5377
160.158,fuel,wand,-0.0852509,30.4525
160.176,fuel,wand,-0.0852509,30.3672
160.192,fuel,wand,-0.0852509,30.282
160.209,fuel,wand,-0.0852509,30.1967
160.225,fuel,wand,-0.0852509,30.1115
160.242,fuel,wand,-0.0852509,30.0262
160.26,fuel,wand,-0.0852509,29.941
160.275,fuel,wand,-0.0852509,29.8557
160.292,fuel,wand,-0.0852509,29.7704
160.309,fuel,wand,-0.0852509,29.6852
160.325,fuel,wand,-0.0852509,29.5999
160.342,fuel,wand,-0.0852509,29.5147
160.358,fuel,wand,-0.0852509,29.4294
160.375,fuel,wand,-0.0852509,29.3442
160.393,fuel,wand,-0.0852509,29.2589
160.409,fuel,wand,-0.0852509,29.1737
160.425,fuel,wand,-0.0852509,29.0884
160.442,fuel,wand,-0.0852509,29.0032
160.458,fuel,wand,-0.0852509,28.9179
160.475,fuel,wand,-0.0852509,28.8327
160.492,fuel,wand,-0.0852509,28.7474
160.516,fuel,wand,-0.0852509,28.6622
160.516,fuel,wand,-0.0852509,28.5769
160.542,fuel,wand,-0.0852509,28.4917
160.558,fuel,wand,-0.0852509,28.4064
160.575,fuel,wand,-0.0852509,28.3212
160.592,fuel,wand,-0.0852509,28.2359
160.609,fuel,wand,-0.0852509,28.1507
160.626,fuel,wand,-0.0852509,28.0654
160.642,fuel,wand,-0.0852509,27.9802
160.658,fuel,wand,-0.0852509,27.8949
160.675,fuel,wand,-0.0852509,27.8097
160.692,fuel,wand,-0.0852509,27.7244
160.709,fuel,wand,-0.0852509,27.6392
160.725,fuel,wand,-0.0852509,27.5539
160.742,fuel,wand,-0.0852509,27.4687
160.758,fuel,wand,-0.0852509,27.3834
160.775,fuel,wand,-0.0852509,27.2982
160.792,fuel,wand,-0.0852509,27.2129
160.808,fuel,wand,-0.0852509,27.1277
160.825,fuel,wand,-0.0852509,27.0424
160.842,fuel,wand,-0.0852509,26.9572
160.858,fuel,wand,-0.0852509,26.8719
160.875,fuel,wand,-0.0852509,26.7867
160.892,fuel,wand,-0.0852509,26.7014
160.909,fuel,wand,-0.0852509,26.6162
160.925,fuel,wand,-0.0852509,26.5309
160.943,fuel,wand,-0.0852509,26.4457
160.959,fuel,wand,-0.0852509,26.3604
160.975,fuel,wand,-0.0852509,26.2752
160.992,fuel,wand,-0.0852509,26.1899
161.008,fuel,wand,-0.0852509,26.1047
161.025,fuel,wand,-0.0852509,26.0194
161.042,fuel,wand,-0.0852509,25.9342
161.058,fuel,wand,-0.0852509,25.8489
161.076,fuel,wand,-0.0852509,25.7637
161.092,fuel,wand,-0.0852509,25.6784
161.109,fuel,wand,-0.0852509,25.5932
161.126,fuel,wand,-0.0852509,25.5079
161.142,fuel,wand,-0.0852509,25.4227
161.158,fuel,wand,-0.0852509,25.3374
161.175,fuel,wand,-0.0852509,25.2522
161.192,fuel,wand,-0.0852509,25.1669
161.208,fuel,wand,-0.0852509,25.0817
161.225,fuel,wand,-0.0852509,24.9964
161.483,fuel,wand,-0.0852509,24.9111
161.492,fuel,wand,-0.0852509,24.8259
161.509,fuel,wand,-0.0852509,24.7406
161.525,fuel,wand,-0.0852509,24.6554
161.542,fuel,wand,-0.0852509,24.5701
161.559,fuel,wand,-0.0852509,24.4849
161.575,fuel,wand,-0.0852509,24.3996
161.592,fuel,wand,-0.0852509,24.3144
161.61,fuel,wand,-0.0852509,24.2291
161.625,fuel,wand,-0.0852509,24.1439
161.642,fuel,wand,-0.0852509,24.0586
161.658,fuel,wand,-0.0852509,23.9734
161.675,fuel,wand,-0.0852509,23.8881
161.692,fuel,wand,-0.0852509,23.8029
161.708,fuel,wand,-0.0852509,23.7176
161.725,fuel,wand,-0.0852509,23.6324
161.743,fuel,wand,-0.0852509,23.5471
161.758,fuel,wand,-0.0852509,23.4619
161.775,fuel,wand,-0.0852509,23.3766
161.792,fuel,wand,-0.0852509,23.2914
161.808,fuel,wand,-0.0852509,23.2061
161.832,fuel,wand,-0.0852509,23.1209
161.833,fuel,wand,-0.0852509,23.0356
161.843,fuel,wand,-0.0852509,22.9504
161.876,fuel,wand,-0.0852509,22.8651
161.892,fuel,wand,-0.0852509,22.7799
161.908,fuel,wand,-0.0852509,22.6946
161.925,fuel,wand,-0.0852509,22.6094
161.942,fuel,wand,-0.0852509,22.5241
161.958,fuel,wand,-0.0852509,22.4389
161.977,fuel,wand,-0.0852509,22.3536
161.992,fuel,wand,-0.0852509,22.2684
162.008,fuel,wand,-0.0852509,22.1831
162.025,fuel,wand,-0.0852509,22.0979
162.042,fuel,wand,-0.0852509,22.0126
162.058,fuel,wand,-0.0852509,21.9274
162.076,fuel,wand,-0.0852509,21.8421
162.092,fuel,wand,-0.0852509,21.7569
162.109,fuel,wand,-0.0852509,21.6716
162.112,fuel,wand,-0.0852509,21.5864
162.142,fuel,wand,-0.0852509,21.5011
162.162,fuel,wand,-0.0852509,21.4159
162.162,fuel,wand,-0.0852509,21.3306
162.192,fuel,wand,-0.0852509,21.2454
162.208,fuel,wand,-0.0852509,21.1601
162.225,fuel,wand,-0.0852509,21.0749
162.242,fuel,wand,-0.0852509,20.9896
162.258,fuel,wand,-0.0852509,20.9044
162.258,fuel,swept,5,25.9044
162.275,fuel,wand,-0.0852509,25.8191
162.292,fuel,wand,-0.0852509,25.7339
162.309,fuel,wand,-0.0852509,25.6486
162.325,fuel,wand,-0.0852509,25.5634
162.342,fuel,wand,-0.0852509,25.4781
162.358,fuel,wand,-0.0852509,25.3929
162.376,fuel,wand,-0.0852509,25.3076
162.392,fuel,wand,-0.0852509,25.2224
162.411,fuel,wand,-0.0852509,25.1371
162.426,fuel,wand,-0.0852509,25.0519
162.442,fuel,wand,-0.0852509,24.9666
162.459,fuel,wand,-0.0852509,24.8813
162.475,fuel,wand,-0.0852509,24.7961
162.494,fuel,wand,-0.0852509,24.7108
162.494,fuel,wand,-0.0852509,24.6256
162.525,fuel,wand,-0.0852509,24.5403
162.543,fuel,wand,-0.0852509,24.4551
162.558,fuel,wand,-0.0852509,24.3698
162.575,fuel,wand,-0.0852509,24.2846
162.592,fuel,wand,-0.0852509,24.1993
162.609,fuel,wand,-0.0852509,24.1141
162.625,fuel,wand,-0.0852509,24.0288
162.642,fuel,wand,-0.0852509,23.9436
162.659,fuel,wand,-0.0852509,23.8583
162.675,fuel,wand,-0.0852509,23.7731
162.692,fuel,wand,-0.0852509,23.6878
162.708,fuel,wand,-0.0852509,23.6026
162.725,fuel,wand,-0.0852509,23.5173
162.742,fuel,wand,-0.0852509,23.4321
162.758,fuel,wand,-0.0852509,23.3468
162.775,fuel,wand,-0.0852509,23.2616
162.792,fuel,wand,-0.0852509,23.1763
162.809,fuel,wand,-0.0852509,23.0911
162.827,fuel,wand,-0.0852509,23.0058
162.842,fuel,wand,-0.0852509,22.9206
162.858,fuel,wand,-0.0852509,22.8353
162.875,fuel,wand,-0.0852509,22.7501
162.892,fuel,wand,-0.0852509,22.6648
162.908,fuel,wand,-0.0852509,22.5796
162.928,fuel,wand,-0.0852509,22.4943
162.928,fuel,wand,-0.0852509,22.4091
162.96,fuel,wand,-0.0852509,22.3238
162.975,fuel,wand,-0.0852509,22.2386
162.992,fuel,wand,-0.0852509,22.1533
163.008,fuel,wand,-0.0852509,22.0681
163.026,fuel,wand,-0.0852509,21.9828
163.042,fuel,wand,-0.0852509,21.8976
163.058,fuel,wand,-0.0852509,21.8123
164.325,fuel,swept,3,24.8123
164.732,fuel,wand,-0.0852509,24.7271
164.742,fuel,wand,-0.0852509,24.6418
164.759,fuel,wand,-0.0852509,24.5566
164.775,fuel,wand,-0.0852509,24.4713
164.792,fuel,wand,-0.0852509,24.3861
164.808,fuel,wand,-0.0852509,24.3008
164.825,fuel,wand,-0.0852509,24.2156
164.842,fuel,wand,-0.0852509,24.1303
164.86,fuel,wand,-0.0852509,24.0451
164.875,fuel,wand,-0.0852509,23.9598
164.892,fuel,wand,-0.0852509,23.8746
164.908,fuel,wand,-0.0852509,23.7893
164.925,fuel,wand,-0.0852509,23.7041
164.942,fuel,wand,-0.0852509,23.6188
164.958,fuel,wand,-0.0852509,23.5336
164.975,fuel,wand,-0.0852509,23.4483
164.993,fuel,wand,-0.0852509,23.3631
165.017,fuel,wand,-0.0852509,23.2778
165.018,fuel,wand,-0.0852509,23.1926
165.042,fuel,wand,-0.0852509,23.1073
165.058,fuel,wand,-0.0852509,23.0221
165.075,fuel,wand,-0.0852509,22.9368
165.092,fuel,wand,-0.0852509,22.8515
165.109,fuel,wand,-0.0852509,22.7663
165.128,fuel,wand,-0.0852509,22.681
165.142,fuel,wand,-0.0852509,22.5958
165.158,fuel,wand,-0.0852509,22.5105
165.175,fuel,wand,-0.0852509,22.4253
165.192,fuel,wand,-0.0852509,22.34
165.208,fuel,wand,-0.0852509,22.2548
165.225,fuel,wand,-0.0852509,22.1695
165.242,fuel,wand,-0.0852509,22.0843
165.258,fuel,wand,-0.0852509,21.999
165.275,fuel,wand,-0.0852509,21.9138
165.293,fuel,wand,-0.0852509,21.8285
165.308,fuel,wand,-0.0852509,21.7433
165.325,fuel,wand,-0.0852509,21.658
165.342,fuel,wand,-0.0852509,21.5728
165.359,fuel,wand,-0.0852509,21.4875
165.375,fuel,wand,-0.0852509,21.4023
165.392,fuel,wand,-0.0852509,21.317
165.408,fuel,wand,-0.0852509,21.2318
165.427,fuel,wand,-0.0852509,21.1465
165.442,fuel,wand,-0.0852509,21.0613
165.458,fuel,wand,-0.0852509,20.976
165.475,fuel,wand,-0.0852509,20.8908
165.492,fuel,wand,-0.0852509,20.8055
165.508,fuel,wand,-0.0852509,20.7203
165.525,fuel,wand,-0.0852509,20.635
165.542,fuel,wand,-0.0852509,20.5498
165.568,fuel,wand,-0.0852509,20.4645
165.569,fuel,wand,-0.0852509,20.3793
165.592,fuel,wand,-0.0852509,20.294
165.609,fuel,wand,-0.0852509,20.2088
165.625,fuel,wand,-0.0852509,20.1235
165.642,fuel,wand,-0.0852509,20.0383
165.658,fuel,wand,-0.0852509,19.953
165.675,fuel,wand,-0.0852509,19.8678
165.692,fuel,wand,-0.0852509,19.7825
165.71,fuel,wand,-0.0852509,19.6973
165.725,fuel,wand,-0.0852509,19.612
165.742,fuel,wand,-0.0852509,19.5268
165.758,fuel,wand,-0.0852509,19.4415
165.775,fuel,wand,-0.0852509,19.3563
165.792,fuel,wand,-0.0852509,19.271
165.808,fuel,wand,-0.0852509,19.1858
165.825,fuel,wand,-0.0852509,19.1005
165.842,fuel,wand,-0.0852509,19.0153
165.858,fuel,wand,-0.0852509,18.93
165.877,fuel,wand,-0.0852509,18.8448
165.892,fuel,wand,-0.0852509,18.7595
165.908,fuel,wand,-0.0852509,18.6743
165.925,fuel,wand,-0.0852509,18.589
165.942,fuel,wand,-0.0852509,18.5038
165.959,fuel,wand,-0.0852509,18.4185
165.975,fuel,wand,-0.0852509,18.3333
165.992,fuel,wand,-0.0852509,18.248
166.008,fuel,wand,-0.0852509,18.1628
166.025,fuel,wand,-0.0852509,18.0775
166.042,fuel,wand,-0.0852509,17.9923
166.06,fuel,wand,-0.0852509,17.907
166.075,fuel,wand,-0.0852509,17.8217
166.091,fuel,wand,-0.0852509,17.7365
166.108,fuel,wand,-0.0852509,17.6512
166.125,fuel,wand,-0.0852509,17.566
166.142,fuel,wand,-0.0852509,17.4807
166.158,fuel,wand,-0.0852509,17.3955
166.175,fuel,wand,-0.0852509,17.3102
166.192,fuel,wand,-0.0852509,17.225
166.21,fuel,wand,-0.0852509,17.1397
166.225,fuel,wand,-0.0852509,17.0545
166.242,fuel,wand,-0.0852509,16.9692
166.259,fuel,wand,-0.0852509,16.884
166.259,fuel,wand,-0.0852509,16.7987
166.292,fuel,wand,-0.0852509,16.7135
166.308,fuel,wand,-0.0852509,16.6282
166.325,fuel,wand,-0.0852509,16.543
166.343,fuel,wand,-0.0852509,16.4577
166.358,fuel,wand,-0.0852509,16.3725
166.376,fuel,wand,-0.0852509,16.2872
166.392,fuel,wand,-0.0852509,16.202
167.133,fuel,wand,-0.0852509,16.1167
167.142,fuel,wand,-0.0852509,16.0315
167.159,fuel,wand,-0.0852499,15.9462
167.179,fuel,wand,-0.0852499,15.861
167.192,fuel,wand,-0.0852499,15.7757
167.21,fuel,wand,-0.0852499,15.6905
167.225,fuel,wand,-0.0852499,15.6052
167.245,fuel,wand,-0.0852499,15.52
167.258,fuel,wand,-0.0852499,15.4347
167.275,fuel,wand,-0.0852499,15.3495
167.292,fuel,wand,-0.0852499,15.2642
167.308,fuel,wand,-0.0852499,15.179
167.325,fuel,wand,-0.0852499,15.0937
167.342,fuel,wand,-0.0852499,15.0085
167.358,fuel,wand,-0.0852499,14.9232
167.377,fuel,wand,-0.0852499,14.838
167.392,fuel,wand,-0.0852499,14.7527
167.408,fuel,wand,-0.0852499,14.6675
167.425,fuel,wand,-0.0852499,14.5822
167.442,fuel,wand,-0.0852499,14.497
167.442,fuel,swept,4,18.497
167.459,fuel,wand,-0.0852509,18.4117
167.475,fuel,wand,-0.0852509,18.3265
167.475,fuel,swept,3,21.3265
167.492,fuel,wand,-0.0852509,21.2412
167.508,fuel,wand,-0.0852509,21.156
167.526,fuel,wand,-0.0852509,21.0707
167.542,fuel,wand,-0.0852509,20.9855
167.558,fuel,wand,-0.0852509,20.9002
167.575,fuel,wand,-0.0852509,20.815
167.594,fuel,wand,-0.0852509,20.7297
167.609,fuel,wand,-0.0852509,20.6445
167.625,fuel,wand,-0.0852509,20.5592
167.642,fuel,wand,-0.0852509,20.474
167.659,fuel,wand,-0.0852509,20.3887
167.676,fuel,wand,-0.0852509,20.3035
167.692,fuel,wand,-0.0852509,20.2182
167.708,fuel,wand,-0.0852509,20.133
167.727,fuel,wand,-0.0852509,20.0477
167.742,fuel,wand,-0.0852509,19.9625
167.759,fuel,wand,-0.0852509,19.8772
167.775,fuel,wand,-0.0852509,19.792
167.792,fuel,wand,-0.0852509,19.7067
167.808,fuel,wand,-0.0852509,19.6215
167.825,fuel,wand,-0.0852509,19.5362
167.842,fuel,wand,-0.0852509,19.451
168.299,fuel,wand,-0.0852509,19.3657
168.308,fuel,wand,-0.0852509,19.2805
168.325,fuel,wand,-0.0852509,19.1952
168.342,fuel,wand,-0.0852509,19.11
168.358,fuel,wand,-0.0852509,19.0247
168.375,fuel,wand,-0.0852509,18.9395
168.392,fuel,wand,-0.0852509,18.8542
168.408,fuel,wand,-0.0852509,18.769
168.425,fuel,wand,-0.0852509,18.6837
168.441,fuel,wand,-0.0852509,18.5985
168.458,fuel,wand,-0.0852509,18.5132
168.479,fuel,wand,-0.0852509,18.428
168.492,fuel,wand,-0.0852509,18.3427
168.492,fuel,swept,5,23.3427
168.508,fuel,wand,-0.0852509,23.2575
168.512,fuel,swept,4,27.2575
168.525,fuel,wand,-0.0852509,27.1722
168.543,fuel,wand,-0.0852509,27.0869
168.558,fuel,wand,-0.0852509,27.0017
168.577,fuel,wand,-0.0852509,26.9164
168.592,fuel,wand,-0.0852509,26.8312
168.608,fuel,wand,-0.0852509,26.7459
168.609,fuel,swept,4,30.7459
168.627,fuel,wand,-0.0852509,30.6607
168.642,fuel,wand,-0.0852509,30.5754
168.659,fuel,wand,-0.0852509,30.4902
168.675,fuel,wand,-0.0852509,30.4049
168.691,fuel,wand,-0.0852509,30.3197
168.709,fuel,wand,-0.0852509,30.2344
168.725,fuel,wand,-0.0852509,30.1492
168.741,fuel,wand,-0.0852509,30.0639
168.76,fuel,wand,-0.0852509,29.9787
168.775,fuel,wand,-0.0852509,29.8934
168.792,fuel,wand,-0.0852509,29.8082
168.808,fuel,wand,-0.0852509,29.7229
168.825,fuel,wand,-0.0852509,29.6377
168.842,fuel,wand,-0.0852509,29.5524
168.858,fuel,wand,-0.0852509,29.4672
168.875,fuel,wand,-0.0852509,29.3819
170.275,fuel,swept,2,31.3819
170.559,fuel,swept,1,32.3819
172.192,fuel,swept,4,36.3819
173.199,fuel,wand,-0.0852509,36.2967
173.209,fuel,wand,-0.0852509,36.2114
173.225,fuel,wand,-0.0852509,36.1262
173.243,fuel,wand,-0.0852509,36.0409
173.258,fuel,wand,-0.0852509,35.9557
173.275,fuel,wand,-0.0852509,35.8704
173.291,fuel,wand,-0.0852509,35.7852
173.308,fuel,wand,-0.0852509,35.6999
173.325,fuel,wand,-0.0852509,35.6147
173.341,fuel,wand,-0.0852509,35.5294
173.358,fuel,wand,-0.0852509,35.4442
173.376,fuel,wand,-0.0852509,35.3589
173.391,fuel,wand,-0.0852509,35.2737
173.408,fuel,wand,-0.0852509,35.1884
173.431,fuel,wand,-0.0852509,35.1032
173.431,fuel,wand,-0.0852509,35.0179
173.458,fuel,wand,-0.0852509,34.9327
173.475,fuel,wand,-0.0852509,34.8474
173.492,fuel,wand,-0.0852509,34.7622
173.51,fuel,wand,-0.0852509,34.6769
173.525,fuel,wand,-0.0852509,34.5917
173.541,fuel,wand,-0.0852509,34.5064
173.558,fuel,wand,-0.0852509,34.4212
173.575,fuel,wand,-0.0852509,34.3359
173.591,fuel,wand,-0.0852509,34.2507
173.608,fuel,wand,-0.0852509,34.1654
173.625,fuel,wand,-0.0852509,34.0802
173.643,fuel,wand,-0.0852509,33.9949
173.658,fuel,wand,-0.0852509,33.9097
173.675,fuel,wand,-0.0852509,33.8244
173.692,fuel,wand,-0.0852509,33.7392
173.708,fuel,wand,-0.0852509,33.6539
173.725,fuel,wand,-0.0852509,33.5687
173.741,fuel,wand,-0.0852509,33.4834
173.76,fuel,wand,-0.0852509,33.3982
173.775,fuel,wand,-0.0852509,33.3129
173.792,fuel,wand,-0.0852509,33.2276
173.794,fuel,wand,-0.0852509,33.1424
173.825,fuel,wand,-0.0852509,33.0571
173.841,fuel,wand,-0.0852509,32.9719
176.241,fuel,swept,1,33.9719
177.124,fuel,swept,3,36.9719
179.282,fuel,wand,-0.0852509,36.8866
179.291,fuel,wand,-0.0852509,36.8014
179.308,fuel,wand,-0.0852509,36.7161
179.324,fuel,wand,-0.0852509,36.6309
179.341,fuel,wand,-0.0852509,36.5456
179.358,fuel,wand,-0.0852509,36.4604
179.374,fuel,wand,-0.0852509,36.3751
179.393,fuel,wand,-0.0852509,36.2899
179.393,fuel,wand,-0.0852509,36.2046
179.424,fuel,wand,-0.0852509,36.1194
179.446,fuel,wand,-0.0852509,36.0341
179.446,fuel,wand,-0.0852509,35.9489
179.474,fuel,wand,-0.0852509,35.8636
179.491,fuel,wand,-0.0852509,35.7784
179.508,fuel,wand,-0.0852509,35.6931
179.524,fuel,wand,-0.0852509,35.6079
179.541,fuel,wand,-0.0852509,35.5226
179.558,fuel,wand,-0.0852509,35.4374
179.574,fuel,wand,-0.0852509,35.3521
179.591,fuel,wand,-0.0852509,35.2669
179.608,fuel,wand,-0.0852509,35.1816
179.625,fuel,wand,-0.0852509,35.0964
179.641,fuel,wand,-0.0852509,35.0111
179.658,fuel,wand,-0.0852509,34.9259
179.674,fuel,wand,-0.0852509,34.8406
179.691,fuel,wand,-0.0852509,34.7554
179.708,fuel,wand,-0.0852509,34.6701
179.726,fuel,wand,-0.0852509,34.5849
179.741,fuel,wand,-0.0852509,34.4996
179.758,fuel,wand,-0.0852509,34.4144
179.774,fuel,wand,-0.0852509,34.3291
179.791,fuel,wand,-0.0852509,34.2439
179.808,fuel,wand,-0.0852509,34.1586
179.824,fuel,wand,-0.0852509,34.0734
179.841,fuel,wand,-0.0852509,33.9881
179.859,fuel,wand,-0.0852509,33.9029
179.874,fuel,wand,-0.0852509,33.8176
179.891,fuel,wand,-0.0852509,33.7324
179.908,fuel,wand,-0.0852509,33.6471
179.925,fuel,wand,-0.0852509,33.5619
179.945,fuel,wand,-0.0852509,33.4766
179.96,fuel,wand,-0.0852509,33.3914
180.16,fuel,swept,2,35.3914
181.027,fuel,swept,4,39.3914
183.027,fuel,swept,3,42.3914
196.27,fuel,pointmaker,-0.16375,42.2276
196.277,fuel,pointmaker,-0.16375,42.0639
196.293,fuel,pointmaker,-0.16375,41.9001
196.309,fuel,pointmaker,-0.16375,41.7364
196.327,fuel,pointmaker,-0.16375,41.5726
196.343,fuel,pointmaker,-0.16375,41.4089
196.36,fuel,pointmaker,-0.16375,41.2451
196.376,fuel,pointmaker,-0.16375,41.0814
196.393,fuel,pointmaker,-0.16375,40.9176
196.41,fuel,pointmaker,-0.16375,40.7539
196.431,fuel,pointmaker,-0.16375,40.5901
196.433,fuel,pointmaker,-0.16375,40.4264
196.46,fuel,pointmaker,-0.16375,40.2626
196.476,fuel,pointmaker,-0.16375,40.0989
196.494,fuel,pointmaker,-0.16375,39.9351
196.509,fuel,pointmaker,-0.16375,39.7714
196.526,fuel,pointmaker,-0.16375,39.6076
196.546,fuel,pointmaker,-0.16375,39.4439
196.562,fuel,pointmaker,-0.16375,39.2801
196.578,fuel,pointmaker,-0.16375,39.1164
196.594,fuel,pointmaker,-0.16375,38.9526
196.611,fuel,pointmaker,-0.16375,38.7889
196.626,fuel,pointmaker,-0.16375,38.6251
196.643,fuel,pointmaker,-0.16375,38.4614
196.66,fuel,pointmaker,-0.16375,38.2976
196.676,fuel,pointmaker,-0.16375,38.1339
196.693,fuel,pointmaker,-0.16375,37.9701
196.71,fuel,pointmaker,-0.16375,37.8064
196.726,fuel,pointmaker,-0.16375,37.6426
196.743,fuel,pointmaker,-0.16375,37.4789
196.76,fuel,pointmaker,-0.16375,37.3151
196.777,fuel,pointmaker,-0.16375,37.1514
196.793,fuel,pointmaker,-0.16375,36.9876
196.81,fuel,pointmaker,-0.16375,36.8239
196.826,fuel,pointmaker,-0.16375,36.6601
196.843,fuel,pointmaker,-0.16375,36.4964
196.86,fuel,pointmaker,-0.16375,36.3326
196.876,fuel,pointmaker,-0.16375,36.1689
196.893,fuel,pointmaker,-0.16375,36.0051
196.909,fuel,pointmaker,-0.16375,35.8414
196.927,fuel,pointmaker,-0.16375,35.6776
196.943,fuel,pointmaker,-0.16375,35.5139
196.959,fuel,pointmaker,-0.16375,35.3501
196.976,fuel,pointmaker,-0.16375,35.1864
196.992,fuel,pointmaker,-0.16375,35.0226
197.01,fuel,pointmaker,-0.16375,34.8589
197.026,fuel,pointmaker,-0.16375,34.6951
197.043,fuel,pointmaker,-0.16375,34.5314
197.059,fuel,pointmaker,-0.16375,34.3676
197.076,fuel,pointmaker,-0.16375,34.2039
197.092,fuel,pointmaker,-0.16375,34.0401
197.11,fuel,pointmaker,-0.16375,33.8764
197.126,fuel,pointmaker,-0.16375,33.7126
197.144,fuel,pointmaker,-0.16375,33.5489
197.159,fuel,pointmaker,-0.16375,33.3851
197.177,fuel,pointmaker,-0.16375,33.2214
197.193,fuel,pointmaker,-0.16375,33.0576
197.209,fuel,pointmaker,-0.16375,32.8939
197.226,fuel,pointmaker,-0.16375,32.7301
197.243,fuel,pointmaker,-0.16375,32.5664
197.26,fuel,pointmaker,-0.16375,32.4026
197.277,fuel,pointmaker,-0.16375,32.2389
197.293,fuel,pointmaker,-0.16375,32.0751
197.309,fuel,pointmaker,-0.16375,31.9114
197.326,fuel,pointmaker,-0.16375,31.7476
197.343,fuel,pointmaker,-0.16375,31.5839
197.359,fuel,pointmaker,-0.16375,31.4201
197.376,fuel,pointmaker,-0.16375,31.2564
197.393,fuel,pointmaker,-0.16375,31.0926
197.409,fuel,pointmaker,-0.16375,30.9289
197.426,fuel,pointmaker,-0.16375,30.7651
197.444,fuel,pointmaker,-0.16375,30.6014
197.459,fuel,pointmaker,-0.16375,30.4376
197.476,fuel,pointmaker,-0.16375,30.2739
197.494,fuel,pointmaker,-0.16375,30.1101
197.509,fuel,pointmaker,-0.16375,29.9464
197.526,fuel,pointmaker,-0.16375,29.7826
197.543,fuel,pointmaker,-0.16375,29.6189
197.559,fuel,pointmaker,-0.16375,29.4551
197.577,fuel,pointmaker,-0.16375,29.2914
197.592,fuel,pointmaker,-0.16375,29.1276
197.61,fuel,pointmaker,-0.16375,28.9639
197.626,fuel,pointmaker,-0.16375,28.8001
197.643,fuel,pointmaker,-0.16375,28.6364
197.66,fuel,pointmaker,-0.16375,28.4726
197.676,fuel,pointmaker,-0.16375,28.3089
197.693,fuel,pointmaker,-0.16375,28.1451
197.71,fuel,pointmaker,-0.16375,27.9814
197.726,fuel,pointmaker,-0.16375,27.8176
197.743,fuel,pointmaker,-0.16375,27.6539
197.759,fuel,pointmaker,-0.16375,27.4901
197.776,fuel,pointmaker,-0.16375,27.3264
197.793,fuel,pointmaker,-0.16375,27.1626
197.809,fuel,pointmaker,-0.16375,26.9989
197.827,fuel,pointmaker,-0.16375,26.8351
197.846,fuel,pointmaker,-0.16375,26.6714
197.848,fuel,pointmaker,-0.16375,26.5076
197.876,fuel,pointmaker,-0.16375,26.3439
197.893,fuel,pointmaker,-0.16375,26.1801
197.91,fuel,pointmaker,-0.16375,26.0164
197.935,bored,B1-A,,
199.305,arrived,B1-B,,
243.673,end,,,
seconds,event,why,moved,tank
0.04,arrived,B1-B,,
15.027,end,,,
seconds,event,why,moved,tank
0.043,arrived,B1-B,,
seconds,event,why,moved,tank
0.052,arrived,B1-A,,
108.809,arrived,B1-A,,
149.777,fuel,pointmaker,-2.9475,60.7359
150.229,fuel,pointmaker,-2.9475,57.7884
155.035,fuel,wand,-0.0852509,57.7031
155.044,fuel,wand,-0.0852509,57.6179
155.061,fuel,wand,-0.0852509,57.5326
155.078,fuel,wand,-0.0852509,57.4474
155.093,fuel,wand,-0.0852509,57.3621
155.11,fuel,wand,-0.0852509,57.2769
155.127,fuel,wand,-0.0852509,57.1916
155.143,fuel,wand,-0.0852509,57.1064
155.16,fuel,wand,-0.0852509,57.0211
155.176,fuel,wand,-0.0852509,56.9359
155.193,fuel,wand,-0.0852509,56.8506
155.21,fuel,wand,-0.0852509,56.7654
155.227,fuel,wand,-0.0852509,56.6801
155.243,fuel,wand,-0.0852509,56.5948
155.26,fuel,wand,-0.0852509,56.5096
155.277,fuel,wand,-0.0852509,56.4243
155.293,fuel,wand,-0.0852509,56.3391
155.31,fuel,wand,-0.0852509,56.2538
155.327,fuel,wand,-0.0852509,56.1686
155.343,fuel,wand,-0.0852509,56.0833
155.36,fuel,wand,-0.0852509,55.9981
155.377,fuel,wand,-0.0852509,55.9128
155.393,fuel,wand,-0.0852509,55.8276
155.41,fuel,wand,-0.0852509,55.7423
155.426,fuel,wand,-0.0852509,55.6571
155.443,fuel,wand,-0.0852509,55.5718
155.46,fuel,wand,-0.0852509,55.4866
155.476,fuel,wand,-0.0852509,55.4013
155.493,fuel,wand,-0.0852509,55.3161
155.51,fuel,wand,-0.0852509,55.2308
155.526,fuel,wand,-0.0852509,55.1456
155.543,fuel,wand,-0.0852509,55.0603
155.56,fuel,wand,-0.0852509,54.9751
155.577,fuel,wand,-0.0852509,54.8898
155.593,fuel,wand,-0.0852509,54.8046
155.61,fuel,wand,-0.0852509,54.7193
155.627,fuel,wand,-0.0852509,54.6341
155.643,fuel,wand,-0.0852509,54.5488
155.661,fuel,wand,-0.0852509,54.4636
155.677,fuel,wand,-0.0852509,54.3783
155.693,fuel,wand,-0.0852509,54.2931
155.71,fuel,wand,-0.0852509,54.2078
155.727,fuel,wand,-0.0852509,54.1226
155.743,fuel,wand,-0.0852509,54.0373
155.76,fuel,wand,-0.0852509,53.9521
155.777,fuel,wand,-0.0852509,53.8668
155.795,fuel,wand,-0.0852509,53.7816
155.81,fuel,wand,-0.0852509,53.6963
155.827,fuel,wand,-0.0852509,53.6111
155.843,fuel,wand,-0.0852509,53.5258
155.86,fuel,wand,-0.0852509,53.4406
155.877,fuel,wand,-0.0852509,53.3553
155.894,fuel,wand,-0.0852509,53.2701
155.91,fuel,wand,-0.0852509,53.1848
155.928,fuel,wand,-0.0852509,53.0996
155.943,fuel,wand,-0.0852509,53.0143
155.96,fuel,wand,-0.0852509,52.9291
155.976,fuel,wand,-0.0852509,52.8438
155.993,fuel,wand,-0.0852509,52.7586
156.01,fuel,wand,-0.0852509,52.6733
156.027,fuel,wand,-0.0852509,52.5881
156.043,fuel,wand,-0.0852509,52.5028
156.061,fuel,wand,-0.0852509,52.4176
156.077,fuel,wand,-0.0852509,52.3323
156.093,fuel,wand,-0.0852509,52.2471
156.11,fuel,wand,-0.0852509,52.1618
156.127,fuel,wand,-0.0852509,52.0766
156.143,fuel,wand,-0.0852509,51.9913
156.161,fuel,wand,-0.0852509,51.9061
156.177,fuel,wand,-0.0852509,51.8208
156.195,fuel,wand,-0.0852509,51.7355
156.21,fuel,wand,-0.0852509,51.6503
156.226,fuel,wand,-0.0852509,51.565
156.243,fuel,wand,-0.0852509,51.4798
156.26,fuel,wand,-0.0852509,51.3945
156.276,fuel,wand,-0.0852509,51.3093
156.293,fuel,wand,-0.0852509,51.224
156.31,fuel,wand,-0.0852509,51.1388
156.326,fuel,wand,-0.0852509,51.0535
156.343,fuel,wand,-0.0852509,50.9683
156.36,fuel,wand,-0.0852509,50.883
156.377,fuel,wand,-0.0852509,50.7978
156.393,fuel,wand,-0.0852509,50.7125
156.41,fuel,wand,-0.0852509,50.6273
156.426,fuel,wand,-0.0852509,50.542
156.443,fuel,wand,-0.0852509,50.4568
156.46,fuel,wand,-0.0852509,50.3715
156.476,fuel,wand,-0.0852509,50.2863
156.493,fuel,wand,-0.0852509,50.201
156.51,fuel,wand,-0.0852509,50.1158
156.526,fuel,wand,-0.0852509,50.0305
156.543,fuel,wand,-0.0852509,49.9453
156.56,fuel,wand,-0.0852509,49.86
156.577,fuel,wand,-0.0852509,49.7748
156.593,fuel,wand,-0.0852509,49.6895
156.61,fuel,wand,-0.0852509,49.6043
156.626,fuel,wand,-0.0852509,49.519
156.643,fuel,wand,-0.0852509,49.4338
156.66,fuel,wand,-0.0852509,49.3485
156.676,fuel,wand,-0.0852509,49.2633
156.694,fuel,wand,-0.0852509,49.178
156.71,fuel,wand,-0.0852509,49.0928
156.727,fuel,wand,-0.0852509,49.0075
156.743,fuel,wand,-0.0852509,48.9223
156.76,fuel,wand,-0.0852509,48.837
156.776,fuel,wand,-0.0852509,48.7518
156.794,fuel,wand,-0.0852509,48.6665
156.81,fuel,wand,-0.0852509,48.5813
156.826,fuel,wand,-0.0852509,48.496
156.843,fuel,wand,-0.0852509,48.4108
156.86,fuel,wand,-0.0852509,48.3255
156.877,fuel,wand,-0.0852509,48.2403
156.893,fuel,wand,-0.0852509,48.155
156.91,fuel,wand,-0.0852509,48.0698
156.927,fuel,wand,-0.0852509,47.9845
156.943,fuel,wand,-0.0852509,47.8993
156.96,fuel,wand,-0.0852509,47.814
156.977,fuel,wand,-0.0852509,47.7288
156.993,fuel,wand,-0.0852509,47.6435
157.01,fuel,wand,-0.0852509,47.5583
157.026,fuel,wand,-0.0852509,47.473
157.043,fuel,wand,-0.0852509,47.3878
157.06,fuel,wand,-0.0852509,47.3025
157.076,fuel,wand,-0.0852509,47.2173
157.093,fuel,wand,-0.0852509,47.132
157.11,fuel,wand,-0.0852509,47.0468
157.127,fuel,wand,-0.0852509,46.9615
157.143,fuel,wand,-0.0852509,46.8763
157.16,fuel,wand,-0.0852509,46.791
157.177,fuel,wand,-0.0852509,46.7057
157.193,fuel,wand,-0.0852509,46.6205
157.21,fuel,wand,-0.0852509,46.5352
157.226,fuel,wand,-0.0852509,46.45
157.243,fuel,wand,-0.0852509,46.3647
157.26,fuel,wand,-0.0852509,46.2795
157.277,fuel,wand,-0.0852509,46.1942
157.293,fuel,wand,-0.0852509,46.109
157.31,fuel,wand,-0.0852509,46.0237
157.326,fuel,wand,-0.0852509,45.9385
157.343,fuel,wand,-0.0852509,45.8532
157.36,fuel,wand,-0.0852509,45.768
157.378,fuel,wand,-0.0852509,45.6827
157.393,fuel,wand,-0.0852509,45.5975
157.41,fuel,wand,-0.0852509,45.5122
157.427,fuel,wand,-0.0852509,45.427
157.443,fuel,wand,-0.0852509,45.3417
157.46,fuel,wand,-0.0852509,45.2565
157.477,fuel,wand,-0.0852509,45.1712
157.493,fuel,wand,-0.0852509,45.086
157.51,fuel,wand,-0.0852509,45.0007
157.526,fuel,wand,-0.0852509,44.9155
157.543,fuel,wand,-0.0852509,44.8302
157.56,fuel,wand,-0.0852509,44.745
157.576,fuel,wand,-0.0852509,44.6597
157.593,fuel,wand,-0.0852509,44.5745
157.61,fuel,wand,-0.0852509,44.4892
157.627,fuel,wand,-0.0852509,44.404
157.643,fuel,wand,-0.0852509,44.3187
157.661,fuel,wand,-0.0852509,44.2335
157.676,fuel,wand,-0.0852509,44.1482
157.693,fuel,wand,-0.0852509,44.063
157.71,fuel,wand,-0.0852509,43.9777
157.727,fuel,wand,-0.0852509,43.8925
157.745,fuel,wand,-0.0852509,43.8072
157.76,fuel,wand,-0.0852509,43.722
157.776,fuel,wand,-0.0852509,43.6367
157.795,fuel,wand,-0.0852509,43.5515
157.81,fuel,wand,-0.0852509,43.4662
157.827,fuel,wand,-0.0852509,43.381
157.843,fuel,wand,-0.0852509,43.2957
157.86,fuel,wand,-0.0852509,43.2105
157.876,fuel,wand,-0.0852509,43.1252
157.893,fuel,wand,-0.0852509,43.04
157.91,fuel,wand,-0.0852509,42.9547
157.928,fuel,wand,-0.0852509,42.8695
157.943,fuel,wand,-0.0852509,42.7842
157.96,fuel,wand,-0.0852509,42.699
157.976,fuel,wand,-0.0852509,42.6137
157.993,fuel,wand,-0.0852509,42.5285
158.01,fuel,wand,-0.0852509,42.4432
158.026,fuel,wand,-0.0852509,42.358
158.043,fuel,wand,-0.0852509,42.2727
158.06,fuel,wand,-0.0852509,42.1875
158.077,fuel,wand,-0.0852509,42.1022
158.093,fuel,wand,-0.0852509,42.017
158.11,fuel,wand,-0.0852509,41.9317
158.126,fuel,wand,-0.0852509,41.8465
158.143,fuel,wand,-0.0852509,41.7612
158.16,fuel,wand,-0.0852509,41.6759
158.176,fuel,wand,-0.0852509,41.5907
158.193,fuel,wand,-0.0852509,41.5054
158.21,fuel,wand,-0.0852509,41.4202
158.227,fuel,wand,-0.0852509,41.3349
158.243,fuel,wand,-0.0852509,41.2497
158.26,fuel,wand,-0.0852509,41.1644
158.276,fuel,wand,-0.0852509,41.0792
158.293,fuel,wand,-0.0852509,40.9939
158.31,fuel,wand,-0.0852509,40.9087
158.326,fuel,wand,-0.0852509,40.8234
158.343,fuel,wand,-0.0852509,40.7382
158.36,fuel,wand,-0.0852509,40.6529
158.376,fuel,wand,-0.0852509,40.5677
158.393,fuel,wand,-0.0852509,40.4824
158.41,fuel,wand,-0.0852509,40.3972
158.427,fuel,wand,-0.0852509,40.3119
158.443,fuel,wand,-0.0852509,40.2267
158.46,fuel,wand,-0.0852509,40.1414
158.477,fuel,wand,-0.0852509,40.0562
158.495,fuel,wand,-0.0852509,39.9709
158.51,fuel,wand,-0.0852509,39.8857
158.527,fuel,wand,-0.0852509,39.8004
158.543,fuel,wand,-0.0852509,39.7152
158.56,fuel,wand,-0.0852509,39.6299
158.576,fuel,wand,-0.0852509,39.5447
158.593,fuel,wand,-0.0852509,39.4594
158.61,fuel,wand,-0.0852509,39.3742
158.628,fuel,wand,-0.0852509,39.2889
158.643,fuel,wand,-0.0852509,39.2037
158.66,fuel,wand,-0.0852509,39.1184
158.677,fuel,wand,-0.0852509,39.0332
158.693,fuel,wand,-0.0852509,38.9479
158.71,fuel,wand,-0.0852509,38.8627
158.727,fuel,wand,-0.0852509,38.7774
158.743,fuel,wand,-0.0852509,38.6922
158.761,fuel,wand,-0.0852509,38.6069
158.777,fuel,wand,-0.0852509,38.5217
158.793,fuel,wand,-0.0852509,38.4364
158.81,fuel,wand,-0.0852509,38.3512
158.826,fuel,wand,-0.0852509,38.2659
158.843,fuel,wand,-0.0852509,38.1807
158.86,fuel,wand,-0.0852509,38.0954
158.876,fuel,wand,-0.0852509,38.0102
158.894,fuel,wand,-0.0852509,37.9249
158.91,fuel,wand,-0.0852509,37.8397
158.926,fuel,wand,-0.0852509,37.7544
158.943,fuel,wand,-0.0852509,37.6692
158.96,fuel,wand,-0.0852509,37.5839
158.976,fuel,wand,-0.0852509,37.4987
158.993,fuel,wand,-0.0852509,37.4134
159.01,fuel,wand,-0.0852509,37.3282
159.028,fuel,wand,-0.0852509,37.2429
159.043,fuel,wand,-0.0852509,37.1577
159.06,fuel,wand,-0.0852509,37.0724
159.076,fuel,wand,-0.0852509,36.9872
159.093,fuel,wand,-0.0852509,36.9019
159.11,fuel,wand,-0.0852509,36.8167
159.126,fuel,wand,-0.0852509,36.7314
159.143,fuel,wand,-0.0852509,36.6461
159.161,fuel,wand,-0.0852509,36.5609
159.176,fuel,wand,-0.0852509,36.4756
159.193,fuel,wand,-0.0852509,36.3904
159.21,fuel,wand,-0.0852509,36.3051
159.226,fuel,wand,-0.0852509,36.2199
159.244,fuel,wand,-0.0852509,36.1346
159.26,fuel,wand,-0.0852509,36.0494
159.278,fuel,wand,-0.0852509,35.9641
159.293,fuel,wand,-0.0852509,35.8789
159.31,fuel,wand,-0.0852509,35.7936
159.326,fuel,wand,-0.0852509,35.7084
159.343,fuel,wand,-0.0852509,35.6231
159.36,fuel,wand,-0.0852509,35.5379
159.377,fuel,wand,-0.0852509,35.4526
159.393,fuel,wand,-0.0852509,35.3674
159.411,fuel,wand,-0.0852509,35.2821
159.426,fuel,wand,-0.0852509,35.1969
159.443,fuel,wand,-0.0852509,35.1116
159.46,fuel,wand,-0.0852509,35.0264
159.476,fuel,wand,-0.0852509,34.9411
159.493,fuel,wand,-0.0852509,34.8559
159.51,fuel,wand,-0.0852509,34.7706
159.526,fuel,wand,-0.0852509,34.6854
159.545,fuel,wand,-0.0852509,34.6001
159.56,fuel,wand,-0.0852509,34.5149
159.577,fuel,wand,-0.0852509,34.4296
159.593,fuel,wand,-0.0852509,34.3444
159.61,fuel,wand,-0.0852509,34.2591
159.626,fuel,wand,-0.0852509,34.1739
159.643,fuel,wand,-0.0852509,34.0886
159.66,fuel,wand,-0.0852509,34.0034
159.676,fuel,wand,-0.0852509,33.9181
159.693,fuel,wand,-0.0852509,33.8329
159.711,fuel,wand,-0.0852509,33.7476
159.726,fuel,wand,-0.0852509,33.6624
159.743,fuel,wand,-0.0852509,33.5771
159.76,fuel,wand,-0.0852509,33.4919
159.776,fuel,wand,-0.0852509,33.4066
159.793,fuel,wand,-0.0852509,33.3214
159.81,fuel,wand,-0.0852509,33.2361
159.826,fuel,wand,-0.0852509,33.1509
159.843,fuel,wand,-0.0852509,33.0656
159.86,fuel,wand,-0.0852509,32.9804
159.876,fuel,wand,-0.0852509,32.8951
159.895,fuel,wand,-0.0852509,32.8099
159.91,fuel,wand,-0.0852509,32.7246
159.926,fuel,wand,-0.0852509,32.6394
159.943,fuel,wand,-0.0852509,32.5541
159.96,fuel,wand,-0.0852509,32.4689
159.976,fuel,wand,-0.0852509,32.3836
159.993,fuel,wand,-0.0852509,32.2984
160.01,fuel,wand,-0.0852509,32.2131
160.028,fuel,wand,-0.0852509,32.1279
160.043,fuel,wand,-0.0852509,32.0426
160.06,fuel,wand,-0.0852509,31.9574
160.076,fuel,wand,-0.0852509,31.8721
160.093,fuel,wand,-0.0852509,31.7868
160.11,fuel,wand,-0.0852509,31.7016
160.127,fuel,wand,-0.0852509,31.6163
160.143,fuel,wand,-0.0852509,31.5311
160.161,fuel,wand,-0.0852509,31.4458
160.176,fuel,wand,-0.0852509,31.3606
160.193,fuel,wand,-0.0852509,31.2753
160.21,fuel,wand,-0.0852509,31.1901
160.226,fuel,wand,-0.0852509,31.1048
160.243,fuel,wand,-0.0852509,31.0196
160.26,fuel,wand,-0.0852509,30.9343
160.276,fuel,wand,-0.0852509,30.8491
160.294,fuel,wand,-0.0852509,30.7638
160.31,fuel,wand,-0.0852509,30.6786
160.326,fuel,wand,-0.0852509,30.5933
160.344,fuel,wand,-0.0852509,30.5081
160.36,fuel,wand,-0.0852509,30.4228
160.377,fuel,wand,-0.0852509,30.3376
160.393,fuel,wand,-0.0852509,30.2523
160.41,fuel,wand,-0.0852509,30.1671
160.428,fuel,wand,-0.0852509,30.0818
160.443,fuel,wand,-0.0852509,29.9966
160.46,fuel,wand,-0.0852509,29.9113
160.476,fuel,wand,-0.0852509,29.8261
160.493,fuel,wand,-0.0852509,29.7408
160.51,fuel,wand,-0.0852509,29.6556
160.526,fuel,wand,-0.0852509,29.5703
160.545,fuel,wand,-0.0852509,29.4851
160.56,fuel,wand,-0.0852509,29.3998
160.576,fuel,wand,-0.0852509,29.3146
160.593,fuel,wand,-0.0852509,29.2293
160.61,fuel,wand,-0.0852509,29.1441
160.626,fuel,wand,-0.0852509,29.0588
160.643,fuel,wand,-0.0852509,28.9736
160.66,fuel,wand,-0.0852509,28.8883
160.677,fuel,wand,-0.0852509,28.8031
160.694,fuel,wand,-0.0852509,28.7178
160.71,fuel,wand,-0.0852509,28.6326
160.726,fuel,wand,-0.0852509,28.5473
160.743,fuel,wand,-0.0852509,28.4621
160.76,fuel,wand,-0.0852509,28.3768
160.776,fuel,wand,-0.0852509,28.2916
160.793,fuel,wand,-0.0852509,28.2063
160.81,fuel,wand,-0.0852509,28.1211
160.828,fuel,wand,-0.0852509,28.0358
160.844,fuel,wand,-0.0852509,27.9506
160.86,fuel,wand,-0.0852509,27.8653
160.876,fuel,wand,-0.0852509,27.7801
160.893,fuel,wand,-0.0852509,27.6948
160.91,fuel,wand,-0.0852509,27.6096
160.927,fuel,wand,-0.0852509,27.5243
160.943,fuel,wand,-0.0852509,27.4391
160.961,fuel,wand,-0.0852509,27.3538
160.976,fuel,wand,-0.0852509,27.2686
160.993,fuel,wand,-0.0852509,27.1833
161.01,fuel,wand,-0.0852509,27.0981
161.026,fuel,wand,-0.0852509,27.0128
161.043,fuel,wand,-0.0852509,26.9276
161.06,fuel,wand,-0.0852509,26.8423
161.076,fuel,wand,-0.0852509,26.757
161.095,fuel,wand,-0.0852509,26.6718
161.109,fuel,wand,-0.0852509,26.5865
161.126,fuel,wand,-0.0852509,26.5013
161.143,fuel,wand,-0.0852509,26.416
161.16,fuel,wand,-0.0852509,26.3308
161.176,fuel,wand,-0.0852509,26.2455
161.21,fuel,swept,5,31.2455
162.467,fuel,wand,-0.0852509,31.1603
162.477,fuel,wand,-0.0852509,31.075
162.493,fuel,wand,-0.0852509,30.9898
162.509,fuel,wand,-0.0852509,30.9045
162.528,fuel,wand,-0.0852509,30.8193
162.543,fuel,wand,-0.0852509,30.734
162.56,fuel,wand,-0.0852509,30.6488
162.576,fuel,wand,-0.0852509,30.5635
162.597,fuel,wand,-0.0852509,30.4783
162.621,fuel,wand,-0.0852509,30.393
162.626,fuel,wand,-0.0852509,30.3078
162.643,fuel,wand,-0.0852509,30.2225
162.661,fuel,wand,-0.0852509,30.1373
162.676,fuel,wand,-0.0852509,30.052
162.693,fuel,wand,-0.0852509,29.9668
162.71,fuel,wand,-0.0852509,29.8815
162.726,fuel,wand,-0.0852509,29.7963
162.726,fuel,swept,2,31.7963
162.743,fuel,wand,-0.0852509,31.711
162.759,fuel,wand,-0.0852509,31.6258
162.776,fuel,wand,-0.0852509,31.5405
162.794,fuel,wand,-0.0852509,31.4553
162.81,fuel,wand,-0.0852509,31.37
162.826,fuel,wand,-0.0852509,31.2848
162.843,fuel,wand,-0.0852509,31.1995
162.86,fuel,wand,-0.0852509,31.1143
162.877,fuel,wand,-0.0852509,31.029
162.893,fuel,wand,-0.0852509,30.9438
162.91,fuel,wand,-0.0852509,30.8585
162.928,fuel,wand,-0.0852509,30.7733
162.943,fuel,wand,-0.0852509,30.688
162.96,fuel,wand,-0.0852509,30.6028
162.976,fuel,wand,-0.0852509,30.5175
162.993,fuel,wand,-0.0852509,30.4323
163.01,fuel,wand,-0.0852509,30.347
163.027,fuel,wand,-0.0852509,30.2618
163.043,fuel,wand,-0.0852509,30.1765
163.061,fuel,wand,-0.0852509,30.0913
163.076,fuel,wand,-0.0852509,30.006
163.093,fuel,wand,-0.0852509,29.9208
163.11,fuel,wand,-0.0852509,29.8355
163.126,fuel,wand,-0.0852509,29.7503
163.143,fuel,wand,-0.0852509,29.665
163.159,fuel,wand,-0.0852509,29.5798
163.176,fuel,wand,-0.0852509,29.4945
163.193,fuel,wand,-0.0852509,29.4093
163.209,fuel,wand,-0.0852509,29.324
163.228,fuel,wand,-0.0852509,29.2388
163.243,fuel,wand,-0.0852509,29.1535
163.26,fuel,wand,-0.0852509,29.0683
163.276,fuel,wand,-0.0852509,28.983
163.459,fuel,swept,4,32.983
163.893,fuel,swept,3,35.983
164.045,fuel,swept,5,40.983
164.518,fuel,wand,-0.0852509,40.8978
164.528,fuel,wand,-0.0852509,40.8125
164.543,fuel,wand,-0.0852509,40.7272
164.56,fuel,wand,-0.0852509,40.642
164.576,fuel,wand,-0.0852509,40.5567
164.593,fuel,wand,-0.0852509,40.4715
164.609,fuel,wand,-0.0852509,40.3862
164.626,fuel,wand,-0.0852509,40.301
164.643,fuel,wand,-0.0852509,40.2157
164.659,fuel,wand,-0.0852509,40.1305
164.677,fuel,wand,-0.0852509,40.0452
164.693,fuel,wand,-0.0852509,39.96
164.709,fuel,wand,-0.0852509,39.8747
164.726,fuel,wand,-0.0852509,39.7895
164.743,fuel,wand,-0.0852509,39.7042
164.743,fuel,swept,3,42.7042
164.759,fuel,wand,-0.0852509,42.619
164.776,fuel,wand,-0.0852509,42.5337
164.793,fuel,wand,-0.0852509,42.4485
164.811,fuel,wand,-0.0852509,42.3632
164.826,fuel,wand,-0.0852509,42.278
164.843,fuel,wand,-0.0852509,42.1927
164.843,fuel,swept,2,44.1927
164.86,fuel,wand,-0.0852509,44.1075
164.876,fuel,wand,-0.0852509,44.0222
164.893,fuel,wand,-0.0852509,43.937
164.909,fuel,wand,-0.0852509,43.8517
164.926,fuel,wand,-0.0852509,43.7665
164.944,fuel,wand,-0.0852509,43.6812
164.959,fuel,wand,-0.0852509,43.596
164.976,fuel,wand,-0.0852509,43.5107
164.993,fuel,wand,-0.0852509,43.4255
165.01,fuel,wand,-0.0852509,43.3402
165.026,fuel,wand,-0.0852509,43.255
165.043,fuel,wand,-0.0852509,43.1697
165.059,fuel,wand,-0.0852509,43.0845
165.076,fuel,wand,-0.0852509,42.9992
165.094,fuel,wand,-0.0852509,42.914
165.11,fuel,wand,-0.0852509,42.8287
165.126,fuel,wand,-0.0852509,42.7435
165.144,fuel,wand,-0.0852509,42.6582
166.126,fuel,swept,2,44.6582
167.267,fuel,wand,-0.0852509,44.573
167.276,fuel,wand,-0.0852509,44.4877
167.293,fuel,wand,-0.0852509,44.4025
167.309,fuel,wand,-0.0852509,44.3172
167.328,fuel,wand,-0.0852509,44.232
167.343,fuel,wand,-0.0852509,44.1467
167.359,fuel,wand,-0.0852509,44.0615
167.376,fuel,wand,-0.0852509,43.9762
167.393,fuel,wand,-0.0852509,43.891
167.409,fuel,wand,-0.0852509,43.8057
167.426,fuel,wand,-0.0852509,43.7205
167.443,fuel,wand,-0.0852509,43.6352
167.461,fuel,wand,-0.0852509,43.55
167.476,fuel,wand,-0.0852509,43.4647
167.493,fuel,wand,-0.0852509,43.3795
167.509,fuel,wand,-0.0852509,43.2942
167.526,fuel,wand,-0.0852509,43.209
167.543,fuel,wand,-0.0852509,43.1237
167.56,fuel,wand,-0.0852509,43.0385
167.576,fuel,wand,-0.0852509,42.9532
167.593,fuel,wand,-0.0852509,42.868
167.609,fuel,wand,-0.0852509,42.7827
167.626,fuel,wand,-0.0852509,42.6974
167.643,fuel,wand,-0.0852509,42.6122
167.659,fuel,wand,-0.0852509,42.5269
167.676,fuel,wand,-0.0852509,42.4417
167.693,fuel,wand,-0.0852509,42.3564
167.709,fuel,wand,-0.0852509,42.2712
167.726,fuel,wand,-0.0852509,42.1859
167.743,fuel,wand,-0.0852509,42.1007
167.759,fuel,wand,-0.0852509,42.0154
167.776,fuel,wand,-0.0852509,41.9302
167.793,fuel,wand,-0.0852509,41.8449
167.809,fuel,wand,-0.0852509,41.7597
167.826,fuel,wand,-0.0852509,41.6744
167.843,fuel,wand,-0.0852509,41.5892
167.859,fuel,wand,-0.0852509,41.5039
167.876,fuel,wand,-0.0852509,41.4187
167.893,fuel,wand,-0.0852509,41.3334
167.91,fuel,wand,-0.0852509,41.2482
167.926,fuel,wand,-0.0852509,41.1629
167.943,fuel,wand,-0.0852509,41.0777
167.96,fuel,wand,-0.0852509,40.9924
167.978,fuel,wand,-0.0852509,40.9072
167.997,fuel,wand,-0.0852509,40.8219
168.01,fuel,wand,-0.0852509,40.7367
168.026,fuel,wand,-0.0852509,40.6514
168.043,fuel,wand,-0.0852509,40.5662
168.059,fuel,wand,-0.0852509,40.4809
168.076,fuel,wand,-0.0852509,40.3957
168.093,fuel,wand,-0.0852509,40.3104
168.11,fuel,wand,-0.0852509,40.2252
168.126,fuel,wand,-0.0852509,40.1399
168.143,fuel,wand,-0.0852509,40.0547
168.16,fuel,wand,-0.0852509,39.9694
168.177,fuel,wand,-0.0852509,39.8842
168.193,fuel,wand,-0.0852509,39.7989
168.21,fuel,wand,-0.0852509,39.7137
168.226,fuel,wand,-0.0852509,39.6284
168.244,fuel,wand,-0.0852509,39.5432
168.26,fuel,wand,-0.0852509,39.4579
168.276,fuel,wand,-0.0852509,39.3727
168.293,fuel,wand,-0.0852509,39.2874
168.31,fuel,wand,-0.0852509,39.2022
168.326,fuel,wand,-0.0852509,39.1169
168.343,fuel,wand,-0.0852509,39.0317
168.36,fuel,wand,-0.0852509,38.9464
168.378,fuel,wand,-0.0852509,38.8612
168.393,fuel,wand,-0.0852509,38.7759
168.41,fuel,wand,-0.0852509,38.6907
168.426,fuel,wand,-0.0852509,38.6054
168.443,fuel,wand,-0.0852509,38.5202
168.459,fuel,wand,-0.0852509,38.4349
168.476,fuel,wand,-0.0852509,38.3497
168.493,fuel,wand,-0.0852509,38.2644
168.51,fuel,wand,-0.0852509,38.1792
168.526,fuel,wand,-0.0852509,38.0939
168.543,fuel,wand,-0.0852509,38.0087
168.56,fuel,wand,-0.0852509,37.9234
168.576,fuel,wand,-0.0852509,37.8382
168.602,fuel,wand,-0.0852509,37.7529
168.61,fuel,wand,-0.0852509,37.6676
168.626,fuel,wand,-0.0852509,37.5824
168.643,fuel,wand,-0.0852509,37.4971
168.66,fuel,wand,-0.0852509,37.4119
168.676,fuel,wand,-0.0852509,37.3266
168.693,fuel,wand,-0.0852509,37.2414
168.709,fuel,wand,-0.0852509,37.1561
168.726,fuel,wand,-0.0852509,37.0709
168.743,fuel,wand,-0.0852509,36.9856
168.759,fuel,wand,-0.0852509,36.9004
168.776,fuel,wand,-0.0852509,36.8151
168.793,fuel,wand,-0.0852509,36.7299
168.81,fuel,wand,-0.0852509,36.6446
168.826,fuel,wand,-0.0852509,36.5594
168.843,fuel,wand,-0.0852509,36.4741
168.859,fuel,wand,-0.0852509,36.3889
168.876,fuel,wand,-0.0852509,36.3036
168.893,fuel,wand,-0.0852509,36.2184
168.909,fuel,wand,-0.0852509,36.1331
168.926,fuel,wand,-0.0852509,36.0479
168.944,fuel,wand,-0.0852509,35.9626
168.959,fuel,wand,-0.0852509,35.8774
168.976,fuel,wand,-0.0852509,35.7921
168.993,fuel,wand,-0.0852509,35.7069
169.009,fuel,wand,-0.0852509,35.6216
169.026,fuel,wand,-0.0852509,35.5364
169.043,fuel,wand,-0.0852509,35.4511
169.059,fuel,wand,-0.0852509,35.3659
169.059,fuel,swept,4,39.3659
169.077,fuel,wand,-0.0852509,39.2806
169.093,fuel,wand,-0.0852509,39.1954
169.11,fuel,wand,-0.0852509,39.1101
169.126,fuel,wand,-0.0852509,39.0249
169.143,fuel,wand,-0.0852509,38.9396
169.159,fuel,wand,-0.0852509,38.8544
169.176,fuel,wand,-0.0852509,38.7691
169.193,fuel,wand,-0.0852509,38.6839
169.209,fuel,wand,-0.0852509,38.5986
169.226,fuel,wand,-0.0852509,38.5134
169.243,fuel,wand,-0.0852509,38.4281
169.259,fuel,wand,-0.0852509,38.3429
169.276,fuel,wand,-0.0852509,38.2576
169.293,fuel,wand,-0.0852509,38.1724
169.309,fuel,wand,-0.0852509,38.0871
169.326,fuel,wand,-0.0852509,38.0019
169.343,fuel,wand,-0.0852509,37.9166
169.36,fuel,wand,-0.0852509,37.8314
169.376,fuel,wand,-0.0852509,37.7461
169.393,fuel,wand,-0.0852509,37.6609
169.409,fuel,wand,-0.0852509,37.5756
169.426,fuel,wand,-0.0852509,37.4904
169.443,fuel,wand,-0.0852509,37.4051
169.459,fuel,wand,-0.0852509,37.3199
169.476,fuel,wand,-0.0852509,37.2346
169.493,fuel,wand,-0.0852509,37.1494
169.509,fuel,wand,-0.0852509,37.0641
169.526,fuel,wand,-0.0852509,36.9789
169.543,fuel,wand,-0.0852509,36.8936
169.559,fuel,wand,-0.0852509,36.8083
169.576,fuel,wand,-0.0852509,36.7231
169.593,fuel,wand,-0.0852509,36.6378
169.609,fuel,wand,-0.0852509,36.5526
169.626,fuel,wand,-0.0852509,36.4673
169.643,fuel,wand,-0.0852509,36.3821
169.659,fuel,wand,-0.0852509,36.2968
169.676,fuel,wand,-0.0852509,36.2116
169.693,fuel,wand,-0.0852509,36.1263
169.709,fuel,wand,-0.0852509,36.0411
169.726,fuel,wand,-0.0852509,35.9558
169.743,fuel,wand,-0.0852509,35.8706
169.759,fuel,wand,-0.0852509,35.7853
169.776,fuel,wand,-0.0852509,35.7001
169.793,fuel,wand,-0.0852509,35.6148
169.809,fuel,wand,-0.0852509,35.5296
169.826,fuel,wand,-0.0852509,35.4443
169.843,fuel,wand,-0.0852509,35.3591
169.859,fuel,wand,-0.0852509,35.2738
169.877,fuel,wand,-0.0852509,35.1886
169.893,fuel,wand,-0.0852509,35.1033
169.909,fuel,wand,-0.0852509,35.0181
169.926,fuel,wand,-0.0852509,34.9328
169.943,fuel,wand,-0.0852509,34.8476
169.959,fuel,wand,-0.0852509,34.7623
169.976,fuel,wand,-0.0852509,34.6771
169.993,fuel,wand,-0.0852509,34.5918
170.011,fuel,wand,-0.0852509,34.5066
170.026,fuel,wand,-0.0852509,34.4213
170.043,fuel,wand,-0.0852509,34.3361
170.059,fuel,wand,-0.0852509,34.2508
170.076,fuel,wand,-0.0852509,34.1656
170.093,fuel,wand,-0.0852509,34.0803
170.109,fuel,wand,-0.0852509,33.9951
170.126,fuel,wand,-0.0852509,33.9098
170.143,fuel,wand,-0.0852509,33.8246
170.159,fuel,wand,-0.0852509,33.7393
170.176,fuel,wand,-0.0852509,33.6541
170.193,fuel,wand,-0.0852509,33.5688
170.209,fuel,wand,-0.0852509,33.4836
170.226,fuel,wand,-0.0852509,33.3983
170.243,fuel,wand,-0.0852509,33.3131
170.259,fuel,wand,-0.0852509,33.2278
170.276,fuel,wand,-0.0852509,33.1426
170.293,fuel,wand,-0.0852509,33.0573
170.309,fuel,wand,-0.0852509,32.9721
170.326,fuel,wand,-0.0852509,32.8868
170.343,fuel,wand,-0.0852509,32.8016
170.36,fuel,wand,-0.0852509,32.7163
170.376,fuel,wand,-0.0852509,32.6311
170.394,fuel,wand,-0.0852509,32.5458
170.409,fuel,wand,-0.0852509,32.4606
170.426,fuel,wand,-0.0852509,32.3753
170.443,fuel,wand,-0.0852509,32.2901
170.459,fuel,wand,-0.0852509,32.2048
170.476,fuel,wand,-0.0852509,32.1196
170.493,fuel,wand,-0.0852509,32.0343
170.509,fuel,wand,-0.0852509,31.9491
170.527,fuel,wand,-0.0852509,31.8638
170.543,fuel,wand,-0.0852509,31.7785
170.559,fuel,wand,-0.0852509,31.6933
170.576,fuel,wand,-0.0852509,31.608
170.593,fuel,wand,-0.0852509,31.5228
170.609,fuel,wand,-0.0852509,31.4375
170.626,fuel,wand,-0.0852509,31.3523
170.643,fuel,wand,-0.0852509,31.267
170.659,fuel,wand,-0.0852509,31.1818
170.676,fuel,wand,-0.0852509,31.0965
170.693,fuel,wand,-0.0852509,31.0113
170.709,fuel,wand,-0.0852509,30.926
170.726,fuel,wand,-0.0852509,30.8408
170.743,fuel,wand,-0.0852509,30.7555
170.759,fuel,wand,-0.0852509,30.6703
170.776,fuel,wand,-0.0852509,30.585
170.793,fuel,wand,-0.0852509,30.4998
170.81,fuel,wand,-0.0852509,30.4145
170.826,fuel,wand,-0.0852509,30.3293
170.848,fuel,wand,-0.0852509,30.244
170.861,fuel,wand,-0.0852509,30.1588
170.876,fuel,wand,-0.0852509,30.0735
170.893,fuel,wand,-0.0852509,29.9883
170.909,fuel,wand,-0.0852509,29.903
170.926,fuel,wand,-0.0852509,29.8178
170.943,fuel,wand,-0.0852509,29.7325
170.959,fuel,wand,-0.0852509,29.6473
170.976,fuel,wand,-0.0852509,29.562
170.993,fuel,wand,-0.0852509,29.4768
171.01,fuel,wand,-0.0852509,29.3915
171.026,fuel,wand,-0.0852509,29.3063
171.043,fuel,wand,-0.0852509,29.221
171.059,fuel,wand,-0.0852509,29.1358
171.076,fuel,wand,-0.0852509,29.0505
171.093,fuel,wand,-0.0852509,28.9653
171.109,fuel,wand,-0.0852509,28.88
171.126,fuel,wand,-0.0852509,28.7948
171.143,fuel,wand,-0.0852509,28.7095
171.159,fuel,wand,-0.0852509,28.6243
171.176,fuel,wand,-0.0852509,28.539
171.193,fuel,wand,-0.0852509,28.4538
171.209,fuel,wand,-0.0852509,28.3685
171.226,fuel,wand,-0.0852509,28.2833
171.243,fuel,wand,-0.0852509,28.198
171.259,fuel,wand,-0.0852509,28.1128
171.276,fuel,wand,-0.0852509,28.0275
171.293,fuel,wand,-0.0852509,27.9423
171.309,fuel,wand,-0.0852509,27.857
171.326,fuel,wand,-0.0852509,27.7718
171.344,fuel,wand,-0.0852509,27.6865
171.359,fuel,wand,-0.0852509,27.6013
171.377,fuel,wand,-0.0852509,27.516
171.393,fuel,wand,-0.0852509,27.4308
171.409,fuel,wand,-0.0852509,27.3455
171.426,fuel,wand,-0.0852509,27.2603
171.443,fuel,wand,-0.0852509,27.175
171.459,fuel,wand,-0.0852509,27.0898
171.476,fuel,wand,-0.0852509,27.0045
171.492,fuel,wand,-0.0852509,26.9193
171.511,fuel,wand,-0.0852509,26.834
171.526,fuel,wand,-0.0852509,26.7487
171.542,fuel,wand,-0.0852509,26.6635
171.559,fuel,wand,-0.0852509,26.5782
171.576,fuel,wand,-0.0852509,26.493
171.592,fuel,wand,-0.0852509,26.4077
171.609,fuel,wand,-0.0852509,26.3225
171.626,fuel,wand,-0.0852509,26.2372
171.643,fuel,wand,-0.0852509,26.152
171.66,fuel,wand,-0.0852509,26.0667
171.678,fuel,wand,-0.0852509,25.9815
171.693,fuel,wand,-0.0852509,25.8962
171.709,fuel,wand,-0.0852509,25.811
171.726,fuel,wand,-0.0852509,25.7257
171.743,fuel,wand,-0.0852509,25.6405
171.759,fuel,wand,-0.0852509,25.5552
171.776,fuel,wand,-0.0852509,25.47
171.793,fuel,wand,-0.0852509,25.3847
171.811,fuel,wand,-0.0852509,25.2995
171.826,fuel,wand,-0.0852509,25.2142
171.842,fuel,wand,-0.0852509,25.129
171.859,fuel,wand,-0.0852509,25.0437
171.876,fuel,wand,-0.0852509,24.9585
171.893,fuel,wand,-0.0852509,24.8732
171.909,fuel,wand,-0.0852509,24.788
171.926,fuel,wand,-0.0852509,24.7027
171.942,fuel,wand,-0.0852509,24.6175
171.96,fuel,wand,-0.0852509,24.5322
171.976,fuel,wand,-0.0852509,24.447
171.993,fuel,wand,-0.0852509,24.3617
172.009,fuel,wand,-0.0852509,24.2765
172.026,fuel,wand,-0.0852509,24.1912
172.042,fuel,wand,-0.0852509,24.106
172.059,fuel,wand,-0.0852509,24.0207
172.076,fuel,wand,-0.0852509,23.9355
172.093,fuel,wand,-0.0852509,23.8502
172.109,fuel,wand,-0.0852509,23.765
172.126,fuel,wand,-0.0852509,23.6797
172.144,fuel,wand,-0.0852509,23.5945
172.159,fuel,wand,-0.0852509,23.5092
172.176,fuel,wand,-0.0852509,23.424
172.193,fuel,wand,-0.0852509,23.3387
172.209,fuel,wand,-0.0852509,23.2535
172.226,fuel,wand,-0.0852509,23.1682
172.226,fuel,swept,4,27.1682
172.242,fuel,wand,-0.0852509,27.083
172.259,fuel,wand,-0.0852509,26.9977
172.276,fuel,wand,-0.0852509,26.9125
172.293,fuel,wand,-0.0852509,26.8272
172.311,fuel,wand,-0.0852509,26.742
172.326,fuel,wand,-0.0852509,26.6567
172.343,fuel,wand,-0.0852509,26.5715
172.359,fuel,wand,-0.0852509,26.4862
172.376,fuel,wand,-0.0852509,26.401
172.393,fuel,wand,-0.0852509,26.3157
172.409,fuel,wand,-0.0852509,26.2305
172.426,fuel,wand,-0.0852509,26.1452
172.444,fuel,wand,-0.0852509,26.06
172.459,fuel,wand,-0.0852509,25.9747
172.476,fuel,wand,-0.0852509,25.8895
172.492,fuel,wand,-0.0852509,25.8042
172.509,fuel,wand,-0.0852509,25.7189
172.526,fuel,wand,-0.0852509,25.6337
172.543,fuel,wand,-0.0852509,25.5484
172.559,fuel,wand,-0.0852509,25.4632
172.577,fuel,wand,-0.0852509,25.3779
172.592,fuel,wand,-0.0852509,25.2927
172.61,fuel,wand,-0.0852509,25.2074
172.626,fuel,wand,-0.0852509,25.1222
172.642,fuel,wand,-0.0852509,25.0369
172.659,fuel,wand,-0.0852509,24.9517
172.676,fuel,wand,-0.0852509,24.8664
172.693,fuel,wand,-0.0852509,24.7812
172.71,fuel,wand,-0.0852509,24.6959
172.726,fuel,wand,-0.0852509,24.6107
172.743,fuel,wand,-0.0852509,24.5254
172.759,fuel,wand,-0.0852509,24.4402
172.776,fuel,wand,-0.0852509,24.3549
172.793,fuel,wand,-0.0852509,24.2697
172.809,fuel,wand,-0.0852509,24.1844
172.826,fuel,wand,-0.0852509,24.0992
172.844,fuel,wand,-0.0852509,24.0139
172.859,fuel,wand,-0.0852509,23.9287
172.876,fuel,wand,-0.0852509,23.8434
172.893,fuel,wand,-0.0852509,23.7582
172.909,fuel,wand,-0.0852509,23.6729
172.926,fuel,wand,-0.0852509,23.5877
172.943,fuel,wand,-0.0852509,23.5024
172.959,fuel,wand,-0.0852509,23.4172
172.977,fuel,wand,-0.0852509,23.3319
172.993,fuel,wand,-0.0852509,23.2467
173.011,fuel,wand,-0.0852509,23.1614
173.026,fuel,wand,-0.0852509,23.0762
173.044,fuel,wand,-0.0852509,22.9909
173.059,fuel,wand,-0.0852509,22.9057
173.076,fuel,wand,-0.0852509,22.8204
173.093,fuel,wand,-0.0852509,22.7352
173.109,fuel,wand,-0.0852509,22.6499
173.126,fuel,wand,-0.0852509,22.5647
173.142,fuel,wand,-0.0852509,22.4794
173.159,fuel,wand,-0.0852509,22.3942
173.176,fuel,wand,-0.0852509,22.3089
173.194,fuel,wand,-0.0852509,22.2237
173.209,fuel,wand,-0.0852509,22.1384
173.226,fuel,wand,-0.0852509,22.0532
173.243,fuel,wand,-0.0852509,21.9679
173.259,fuel,wand,-0.0852509,21.8827
173.276,fuel,wand,-0.0852509,21.7974
173.293,fuel,wand,-0.0852509,21.7122
173.309,fuel,wand,-0.0852509,21.6269
173.327,fuel,wand,-0.0852509,21.5417
173.342,fuel,wand,-0.0852509,21.4564
173.359,fuel,wand,-0.0852509,21.3712
173.376,fuel,wand,-0.0852509,21.2859
173.393,fuel,wand,-0.0852509,21.2007
173.409,fuel,wand,-0.0852509,21.1154
173.426,fuel,wand,-0.0852509,21.0302
173.443,fuel,wand,-0.0852509,20.9449
173.46,fuel,wand,-0.0852509,20.8596
173.476,fuel,wand,-0.0852509,20.7744
173.492,fuel,wand,-0.0852509,20.6891
173.509,fuel,wand,-0.0852509,20.6039
173.526,fuel,wand,-0.0852509,20.5186
173.542,fuel,wand,-0.0852509,20.4334
173.559,fuel,wand,-0.0852509,20.3481
173.876,fuel,swept,4,24.3481
174.376,fuel,swept,5,29.3481
175.192,fuel,swept,2,31.3481
176.009,fuel,swept,1,32.3481
176.576,fuel,swept,5,37.3481
177.225,fuel,swept,1,38.3481
177.476,fuel,swept,2,40.3481
177.51,fuel,swept,4,44.3481
177.676,fuel,swept,5,49.3481
178.666,fuel,wand,-0.0852509,49.2629
178.676,fuel,wand,-0.0852509,49.1776
178.693,fuel,wand,-0.0852509,49.0924
178.709,fuel,wand,-0.0852509,49.0071
178.725,fuel,wand,-0.0852509,48.9219
178.742,fuel,wand,-0.0852509,48.8366
178.759,fuel,wand,-0.0852509,48.7514
178.776,fuel,wand,-0.0852509,48.6661
178.792,fuel,wand,-0.0852509,48.5809
178.809,fuel,wand,-0.0852509,48.4956
178.825,fuel,wand,-0.0852509,48.4104
178.842,fuel,wand,-0.0852509,48.3251
178.86,fuel,wand,-0.0852509,48.2399
178.876,fuel,wand,-0.0852509,48.1546
178.892,fuel,wand,-0.0852509,48.0694
178.909,fuel,wand,-0.0852509,47.9841
178.927,fuel,wand,-0.0852509,47.8989
178.943,fuel,wand,-0.0852509,47.8136
178.959,fuel,wand,-0.0852509,47.7284
178.976,fuel,wand,-0.0852509,47.6431
178.992,fuel,wand,-0.0852509,47.5579
179.009,fuel,wand,-0.0852509,47.4726
179.026,fuel,wand,-0.0852509,47.3874
179.043,fuel,wand,-0.0852509,47.3021
179.059,fuel,wand,-0.0852509,47.2169
179.076,fuel,wand,-0.0852509,47.1316
179.092,fuel,wand,-0.0852509,47.0464
179.109,fuel,wand,-0.0852509,46.9611
179.126,fuel,wand,-0.0852509,46.8759
179.142,fuel,wand,-0.0852509,46.7906
179.159,fuel,wand,-0.0852509,46.7054
179.176,fuel,wand,-0.0852509,46.6201
179.193,fuel,wand,-0.0852509,46.5349
179.209,fuel,wand,-0.0852509,46.4496
179.226,fuel,wand,-0.0852509,46.3644
179.242,fuel,wand,-0.0852509,46.2791
179.261,fuel,wand,-0.0852509,46.1939
179.276,fuel,wand,-0.0852509,46.1086
179.292,fuel,wand,-0.0852509,46.0234
179.311,fuel,wand,-0.0852509,45.9381
179.326,fuel,wand,-0.0852509,45.8529
179.342,fuel,wand,-0.0852509,45.7676
179.359,fuel,wand,-0.0852509,45.6824
179.376,fuel,wand,-0.0852509,45.5971
179.392,fuel,wand,-0.0852509,45.5119
179.409,fuel,wand,-0.0852509,45.4266
179.426,fuel,wand,-0.0852509,45.3414
179.442,fuel,wand,-0.0852509,45.2561
179.459,fuel,wand,-0.0852509,45.1709
179.476,fuel,wand,-0.0852509,45.0856
179.493,fuel,wand,-0.0852509,45.0004
179.509,fuel,wand,-0.0852509,44.9151
179.526,fuel,wand,-0.0852509,44.8298
179.542,fuel,wand,-0.0852509,44.7446
179.559,fuel,wand,-0.0852509,44.6593
179.576,fuel,wand,-0.0852509,44.5741
179.592,fuel,wand,-0.0852509,44.4888
179.61,fuel,wand,-0.0852509,44.4036
179.626,fuel,wand,-0.0852509,44.3183
179.642,fuel,wand,-0.0852509,44.2331
179.659,fuel,wand,-0.0852509,44.1478
179.676,fuel,wand,-0.0852509,44.0626
179.692,fuel,wand,-0.0852509,43.9773
179.709,fuel,wand,-0.0852509,43.8921
179.725,fuel,wand,-0.0852509,43.8068
179.744,fuel,wand,-0.0852509,43.7216
179.759,fuel,wand,-0.0852509,43.6363
179.775,fuel,wand,-0.0852509,43.5511
179.792,fuel,wand,-0.0852509,43.4658
179.809,fuel,wand,-0.0852509,43.3806
179.825,fuel,wand,-0.0852509,43.2953
179.842,fuel,wand,-0.0852509,43.2101
179.859,fuel,wand,-0.0852509,43.1248
179.876,fuel,wand,-0.0852509,43.0396
179.892,fuel,wand,-0.0852509,42.9543
179.909,fuel,wand,-0.0852509,42.8691
179.926,fuel,wand,-0.0852509,42.7838
179.942,fuel,wand,-0.0852509,42.6986
179.959,fuel,wand,-0.0852509,42.6133
179.976,fuel,wand,-0.0852509,42.5281
179.992,fuel,wand,-0.0852509,42.4428
180.009,fuel,wand,-0.0852509,42.3576
180.026,fuel,wand,-0.0852509,42.2723
180.042,fuel,wand,-0.0852509,42.1871
180.059,fuel,wand,-0.0852509,42.1018
180.076,fuel,wand,-0.0852509,42.0166
180.092,fuel,wand,-0.0852509,41.9313
180.109,fuel,wand,-0.0852509,41.8461
180.126,fuel,wand,-0.0852509,41.7608
180.144,fuel,wand,-0.0852509,41.6756
180.159,fuel,wand,-0.0852509,41.5903
180.176,fuel,wand,-0.0852509,41.5051
180.192,fuel,wand,-0.0852509,41.4198
180.209,fuel,wand,-0.0852509,41.3346
180.226,fuel,wand,-0.0852509,41.2493
180.242,fuel,wand,-0.0852509,41.1641
180.259,fuel,wand,-0.0852509,41.0788
180.277,fuel,wand,-0.0852509,40.9936
180.293,fuel,wand,-0.0852509,40.9083
180.309,fuel,wand,-0.0852509,40.8231
180.326,fuel,wand,-0.0852509,40.7378
180.342,fuel,wand,-0.0852509,40.6526
180.359,fuel,wand,-0.0852509,40.5673
180.376,fuel,wand,-0.0852509,40.4821
180.392,fuel,wand,-0.0852509,40.3968
180.409,fuel,wand,-0.0852509,40.3116
180.426,fuel,wand,-0.0852509,40.2263
180.442,fuel,wand,-0.0852509,40.1411
180.459,fuel,wand,-0.0852509,40.0558
180.476,fuel,wand,-0.0852509,39.9706
180.492,fuel,wand,-0.0852509,39.8853
180.509,fuel,wand,-0.0852509,39.8
180.526,fuel,wand,-0.0852509,39.7148
180.542,fuel,wand,-0.0852509,39.6295
180.559,fuel,wand,-0.0852509,39.5443
180.575,fuel,wand,-0.0852509,39.459
180.593,fuel,wand,-0.0852509,39.3738
180.609,fuel,wand,-0.0852509,39.2885
180.625,fuel,wand,-0.0852509,39.2033
180.642,fuel,wand,-0.0852509,39.118
180.659,fuel,wand,-0.0852509,39.0328
180.676,fuel,wand,-0.0852509,38.9475
180.692,fuel,wand,-0.0852509,38.8623
180.709,fuel,wand,-0.0852509,38.777
180.725,fuel,wand,-0.0852509,38.6918
180.742,fuel,wand,-0.0852509,38.6065
180.759,fuel,wand,-0.0852509,38.5213
180.775,fuel,wand,-0.0852509,38.436
180.793,fuel,wand,-0.0852509,38.3508
180.809,fuel,wand,-0.0852509,38.2655
180.826,fuel,wand,-0.0852509,38.1803
180.843,fuel,wand,-0.0852509,38.095
180.861,fuel,wand,-0.0852509,38.0098
180.876,fuel,wand,-0.0852509,37.9245
180.893,fuel,wand,-0.0852509,37.8393
180.909,fuel,wand,-0.0852509,37.754
180.926,fuel,wand,-0.0852509,37.6688
180.943,fuel,wand,-0.0852509,37.5835
180.959,fuel,wand,-0.0852509,37.4983
180.976,fuel,wand,-0.0852509,37.413
180.993,fuel,wand,-0.0852509,37.3278
181.009,fuel,wand,-0.0852509,37.2425
181.026,fuel,wand,-0.0852509,37.1573
181.044,fuel,wand,-0.0852509,37.072
181.059,fuel,wand,-0.0852509,36.9868
181.076,fuel,wand,-0.0852509,36.9015
181.093,fuel,wand,-0.0852509,36.8163
181.109,fuel,wand,-0.0852509,36.731
181.126,fuel,wand,-0.0852509,36.6458
181.143,fuel,wand,-0.0852509,36.5605
181.159,fuel,wand,-0.0852509,36.4753
181.176,fuel,wand,-0.0852509,36.39
181.192,fuel,wand,-0.0852509,36.3048
181.209,fuel,wand,-0.0852509,36.2195
181.226,fuel,wand,-0.0852509,36.1343
181.242,fuel,wand,-0.0852509,36.049
181.259,fuel,wand,-0.0852509,35.9638
181.276,fuel,wand,-0.0852509,35.8785
181.293,fuel,wand,-0.0852509,35.7933
181.309,fuel,wand,-0.0852509,35.708
181.326,fuel,wand,-0.0852509,35.6228
181.342,fuel,wand,-0.0852509,35.5375
181.359,fuel,wand,-0.0852509,35.4523
181.377,fuel,wand,-0.0852509,35.367
181.393,fuel,wand,-0.0852509,35.2818
181.409,fuel,wand,-0.0852509,35.1965
181.426,fuel,wand,-0.0852509,35.1113
181.443,fuel,wand,-0.0852509,35.026
181.459,fuel,wand,-0.0852509,34.9408
181.476,fuel,wand,-0.0852509,34.8555
181.492,fuel,wand,-0.0852509,34.7702
181.509,fuel,wand,-0.0852509,34.685
181.526,fuel,wand,-0.0852509,34.5997
181.542,fuel,wand,-0.0852509,34.5145
181.559,fuel,wand,-0.0852509,34.4292
181.581,fuel,wand,-0.0852509,34.344
181.592,fuel,wand,-0.0852509,34.2587
181.609,fuel,wand,-0.0852509,34.1735
181.626,fuel,wand,-0.0852509,34.0882
181.642,fuel,wand,-0.0852509,34.003
181.659,fuel,wand,-0.0852509,33.9177
181.675,fuel,wand,-0.0852509,33.8325
181.692,fuel,wand,-0.0852509,33.7472
181.709,fuel,wand,-0.0852509,33.662
181.725,fuel,wand,-0.0852509,33.5767
181.742,fuel,wand,-0.0852509,33.4915
181.759,fuel,wand,-0.0852509,33.4062
181.775,fuel,wand,-0.0852509,33.321
181.792,fuel,wand,-0.0852509,33.2357
181.809,fuel,wand,-0.0852509,33.1505
181.826,fuel,wand,-0.0852509,33.0652
181.842,fuel,wand,-0.0852509,32.98
181.859,fuel,wand,-0.0852509,32.8947
181.875,fuel,wand,-0.0852509,32.8095
181.892,fuel,wand,-0.0852509,32.7242
181.909,fuel,wand,-0.0852509,32.639
181.927,fuel,wand,-0.0852509,32.5537
181.942,fuel,wand,-0.0852509,32.4685
181.959,fuel,wand,-0.0852509,32.3832
181.975,fuel,wand,-0.0852509,32.298
181.992,fuel,wand,-0.0852509,32.2127
182.009,fuel,wand,-0.0852509,32.1275
182.026,fuel,wand,-0.0852509,32.0422
182.042,fuel,wand,-0.0852509,31.957
182.06,fuel,wand,-0.0852509,31.8717
182.075,fuel,wand,-0.0852509,31.7865
182.092,fuel,wand,-0.0852509,31.7012
182.109,fuel,wand,-0.0852509,31.616
182.126,fuel,wand,-0.0852509,31.5307
182.142,fuel,wand,-0.0852509,31.4455
182.159,fuel,wand,-0.0852509,31.3602
182.176,fuel,wand,-0.0852509,31.275
182.193,fuel,wand,-0.0852509,31.1897
182.209,fuel,wand,-0.0852509,31.1045
182.226,fuel,wand,-0.0852509,31.0192
182.243,fuel,wand,-0.0852509,30.934
182.243,fuel,swept,4,34.934
182.259,fuel,wand,-0.0852509,34.8487
182.277,fuel,wand,-0.0852509,34.7635
182.292,fuel,wand,-0.0852509,34.6782
182.309,fuel,wand,-0.0852509,34.593
182.325,fuel,wand,-0.0852509,34.5077
182.342,fuel,wand,-0.0852509,34.4225
182.359,fuel,wand,-0.0852509,34.3372
182.376,fuel,wand,-0.0852509,34.252
182.392,fuel,wand,-0.0852509,34.1667
182.41,fuel,wand,-0.0852509,34.0815
182.426,fuel,wand,-0.0852509,33.9962
182.446,fuel,wand,-0.0852509,33.9109
182.459,fuel,wand,-0.0852509,33.8257
182.476,fuel,wand,-0.0852509,33.7404
182.492,fuel,wand,-0.0852509,33.6552
182.511,fuel,wand,-0.0852509,33.5699
182.526,fuel,wand,-0.0852509,33.4847
182.542,fuel,wand,-0.0852509,33.3994
182.56,fuel,wand,-0.0852509,33.3142
182.575,fuel,wand,-0.0852509,33.2289
182.592,fuel,wand,-0.0852509,33.1437
182.609,fuel,wand,-0.0852509,33.0584
182.625,fuel,wand,-0.0852509,32.9732
182.642,fuel,wand,-0.0852509,32.8879
182.659,fuel,wand,-0.0852509,32.8027
182.675,fuel,wand,-0.0852509,32.7174
182.693,fuel,wand,-0.0852509,32.6322
182.709,fuel,wand,-0.0852509,32.5469
182.725,fuel,wand,-0.0852509,32.4617
182.743,fuel,wand,-0.0852509,32.3764
182.76,fuel,wand,-0.0852509,32.2912
182.776,fuel,wand,-0.0852509,32.2059
182.792,fuel,wand,-0.0852509,32.1207
182.809,fuel,wand,-0.0852509,32.0354
182.825,fuel,wand,-0.0852509,31.9502
182.843,fuel,wand,-0.0852509,31.8649
182.859,fuel,wand,-0.0852509,31.7797
182.875,fuel,wand,-0.0852509,31.6944
182.892,fuel,wand,-0.0852509,31.6092
182.909,fuel,wand,-0.0852509,31.5239
182.925,fuel,wand,-0.0852509,31.4387
182.942,fuel,wand,-0.0852509,31.3534
182.959,fuel,wand,-0.0852509,31.2682
182.975,fuel,wand,-0.0852509,31.1829
182.998,fuel,wand,-0.0852509,31.0977
183.009,fuel,wand,-0.0852509,31.0124
183.026,fuel,wand,-0.0852509,30.9272
183.042,fuel,wand,-0.0852509,30.8419
183.059,fuel,wand,-0.0852509,30.7567
183.075,fuel,wand,-0.0852509,30.6714
183.092,fuel,wand,-0.0852509,30.5862
183.109,fuel,wand,-0.0852509,30.5009
183.125,fuel,wand,-0.0852509,30.4157
183.144,fuel,wand,-0.0852509,30.3304
183.159,fuel,wand,-0.0852509,30.2452
183.175,fuel,wand,-0.0852509,30.1599
183.192,fuel,wand,-0.0852509,30.0747
183.209,fuel,wand,-0.0852509,29.9894
183.226,fuel,wand,-0.0852509,29.9042
183.242,fuel,wand,-0.0852509,29.8189
183.259,fuel,wand,-0.0852509,29.7337
183.277,fuel,wand,-0.0852509,29.6484
183.293,fuel,wand,-0.0852509,29.5632
183.309,fuel,wand,-0.0852509,29.4779
183.325,fuel,wand,-0.0852509,29.3927
183.342,fuel,wand,-0.0852509,29.3074
183.359,fuel,wand,-0.0852509,29.2222
183.376,fuel,wand,-0.0852509,29.1369
183.392,fuel,wand,-0.0852509,29.0517
183.41,fuel,wand,-0.0852509,28.9664
183.425,fuel,wand,-0.0852509,28.8811
183.442,fuel,wand,-0.0852509,28.7959
183.459,fuel,wand,-0.0852509,28.7106
183.476,fuel,wand,-0.0852509,28.6254
183.492,fuel,wand,-0.0852509,28.5401
183.509,fuel,wand,-0.0852509,28.4549
183.526,fuel,wand,-0.0852509,28.3696
183.543,fuel,wand,-0.0852509,28.2844
183.561,fuel,wand,-0.0852509,28.1991
183.575,fuel,wand,-0.0852509,28.1139
183.592,fuel,wand,-0.0852509,28.0286
183.609,fuel,wand,-0.0852509,27.9434
183.625,fuel,wand,-0.0852509,27.8581
183.642,fuel,wand,-0.0852509,27.7729
183.659,fuel,wand,-0.0852509,27.6876
183.676,fuel,wand,-0.0852509,27.6024
183.692,fuel,wand,-0.0852509,27.5171
183.709,fuel,wand,-0.0852509,27.4319
183.725,fuel,wand,-0.0852509,27.3466
183.743,fuel,wand,-0.0852509,27.2614
183.759,fuel,wand,-0.0852509,27.1761
183.776,fuel,wand,-0.0852509,27.0909
183.792,fuel,wand,-0.0852509,27.0056
183.809,fuel,wand,-0.0852509,26.9204
183.826,fuel,wand,-0.0852509,26.8351
183.843,fuel,wand,-0.0852509,26.7499
183.859,fuel,wand,-0.0852509,26.6646
183.875,fuel,wand,-0.0852509,26.5794
183.894,fuel,wand,-0.0852509,26.4941
183.909,fuel,wand,-0.0852509,26.4089
183.926,fuel,wand,-0.0852509,26.3236
183.942,fuel,wand,-0.0852509,26.2384
183.959,fuel,wand,-0.0852509,26.1531
183.976,fuel,wand,-0.0852509,26.0679
183.992,fuel,wand,-0.0852509,25.9826
184.009,fuel,wand,-0.0852509,25.8974
184.027,fuel,wand,-0.0852509,25.8121
184.042,fuel,wand,-0.0852509,25.7269
184.059,fuel,wand,-0.0852509,25.6416
184.075,fuel,wand,-0.0852509,25.5564
184.092,fuel,wand,-0.0852509,25.4711
184.109,fuel,wand,-0.0852509,25.3859
184.125,fuel,wand,-0.0852509,25.3006
184.142,fuel,wand,-0.0852509,25.2154
184.16,fuel,wand,-0.0852509,25.1301
184.175,fuel,wand,-0.0852509,25.0449
184.192,fuel,wand,-0.0852509,24.9596
184.209,fuel,wand,-0.0852509,24.8744
184.226,fuel,wand,-0.0852509,24.7891
184.242,fuel,wand,-0.0852509,24.7039
184.259,fuel,wand,-0.0852509,24.6186
184.277,fuel,wand,-0.0852509,24.5334
184.292,fuel,wand,-0.0852509,24.4481
184.309,fuel,wand,-0.0852509,24.3629
184.325,fuel,wand,-0.0852509,24.2776
184.342,fuel,wand,-0.0852509,24.1924
184.359,fuel,wand,-0.0852509,24.1071
184.375,fuel,wand,-0.0852509,24.0219
184.393,fuel,wand,-0.0852509,23.9366
184.41,fuel,wand,-0.0852509,23.8513
184.425,fuel,wand,-0.0852509,23.7661
184.442,fuel,wand,-0.0852509,23.6808
184.459,fuel,wand,-0.0852509,23.5956
184.475,fuel,wand,-0.0852509,23.5103
184.492,fuel,wand,-0.0852509,23.4251
184.509,fuel,wand,-0.0852509,23.3398
184.525,fuel,wand,-0.0852509,23.2546
184.544,fuel,wand,-0.0852509,23.1693
184.559,fuel,wand,-0.0852509,23.0841
184.576,fuel,wand,-0.0852509,22.9988
184.592,fuel,wand,-0.0852509,22.9136
184.609,fuel,wand,-0.0852509,22.8283
184.625,fuel,wand,-0.0852509,22.7431
184.642,fuel,wand,-0.0852509,22.6578
184.659,fuel,wand,-0.0852509,22.5726
184.659,fuel,swept,2,24.5726
184.676,fuel,wand,-0.0852509,24.4873
184.692,fuel,wand,-0.0852509,24.4021
184.71,fuel,wand,-0.0852509,24.3168
184.71,fuel,swept,2,26.3168
184.726,fuel,wand,-0.0852509,26.2316
184.742,fuel,wand,-0.0852509,26.1463
184.759,fuel,wand,-0.0852509,26.0611
184.775,fuel,wand,-0.0852509,25.9758
184.792,fuel,wand,-0.0852509,25.8906
184.794,fuel,swept,2,27.8906
184.809,fuel,wand,-0.0852509,27.8053
184.826,fuel,wand,-0.0852509,27.7201
184.842,fuel,wand,-0.0852509,27.6348
184.861,fuel,wand,-0.0852509,27.5496
184.875,fuel,wand,-0.0852509,27.4643
184.892,fuel,wand,-0.0852509,27.3791
184.91,fuel,wand,-0.0852509,27.2938
184.925,fuel,wand,-0.0852509,27.2086
184.943,fuel,wand,-0.0852509,27.1233
184.959,fuel,wand,-0.0852509,27.0381
184.975,fuel,wand,-0.0852509,26.9528
184.993,fuel,wand,-0.0852509,26.8676
185.01,fuel,wand,-0.0852509,26.7823
185.01,fuel,swept,5,31.7823
185.03,fuel,wand,-0.0852509,31.6971
185.046,fuel,wand,-0.0852509,31.6118
185.063,fuel,wand,-0.0852509,31.5266
185.078,fuel,wand,-0.0852509,31.4413
185.078,fuel,swept,2,33.4413
185.078,fuel,swept,4,37.4413
185.096,fuel,wand,-0.0852509,37.3561
185.096,fuel,swept,5,42.3561
185.111,fuel,wand,-0.0852509,42.2708
185.128,fuel,wand,-0.0852509,42.1856
185.145,fuel,wand,-0.0852509,42.1003
185.161,fuel,wand,-0.0852509,42.0151
185.177,fuel,wand,-0.0852509,41.9298
185.196,fuel,wand,-0.0852509,41.8446
185.211,fuel,wand,-0.0852509,41.7593
185.228,fuel,wand,-0.0852509,41.6741
185.244,fuel,wand,-0.0852509,41.5888
185.261,fuel,wand,-0.0852509,41.5036
185.278,fuel,wand,-0.0852509,41.4183
185.295,fuel,wand,-0.0852509,41.3331
185.311,fuel,wand,-0.0852509,41.2478
185.329,fuel,wand,-0.0852509,41.1626
185.344,fuel,wand,-0.0852509,41.0773
185.361,fuel,wand,-0.0852509,40.9921
185.378,fuel,wand,-0.0852509,40.9068
185.398,fuel,wand,-0.0852509,40.8215
185.411,fuel,wand,-0.0852509,40.7363
185.428,fuel,wand,-0.0852509,40.651
185.444,fuel,wand,-0.0852509,40.5658
185.462,fuel,wand,-0.0852509,40.4805
185.478,fuel,wand,-0.0852509,40.3953
186.044,fuel,swept,2,42.3953
186.794,fuel,swept,3,45.3953
186.912,fuel,swept,2,47.3953
187.746,fuel,swept,5,52.3953
188.178,fuel,swept,5,57.3953
189.279,fuel,swept,4,61.3953
190.611,fuel,swept,1,62.3953
194.287,fuel,pointmaker,-0.16375,62.2315
194.294,fuel,pointmaker,-0.16375,62.0678
194.311,fuel,pointmaker,-0.16375,61.904
194.327,fuel,pointmaker,-0.16375,61.7403
194.345,fuel,pointmaker,-0.16375,61.5765
194.361,fuel,pointmaker,-0.16375,61.4128
194.377,fuel,pointmaker,-0.16375,61.249
194.395,fuel,pointmaker,-0.16375,61.0853
194.412,fuel,pointmaker,-0.16375,60.9215
194.427,fuel,pointmaker,-0.16375,60.7578
194.444,fuel,pointmaker,-0.16375,60.594
194.46,fuel,pointmaker,-0.16375,60.4303
194.477,fuel,pointmaker,-0.16375,60.2665
194.494,fuel,pointmaker,-0.16375,60.1028
194.511,fuel,pointmaker,-0.16375,59.939
194.527,fuel,pointmaker,-0.16375,59.7753
194.544,fuel,pointmaker,-0.16375,59.6115
194.561,fuel,pointmaker,-0.16375,59.4478
194.577,fuel,pointmaker,-0.16375,59.284
194.594,fuel,pointmaker,-0.16375,59.1203
194.611,fuel,pointmaker,-0.16375,58.9566
194.627,fuel,pointmaker,-0.16375,58.7928
194.643,fuel,pointmaker,-0.16375,58.6291
194.661,fuel,pointmaker,-0.16375,58.4653
194.677,fuel,pointmaker,-0.16375,58.3016
194.694,fuel,pointmaker,-0.16375,58.1378
194.71,fuel,pointmaker,-0.16375,57.9741
194.727,fuel,pointmaker,-0.16375,57.8103
194.744,fuel,pointmaker,-0.16375,57.6466
194.761,fuel,pointmaker,-0.16375,57.4828
194.778,fuel,pointmaker,-0.16375,57.3191
194.794,fuel,pointmaker,-0.16375,57.1553
194.811,fuel,pointmaker,-0.16375,56.9916
194.827,fuel,pointmaker,-0.16375,56.8278
194.844,fuel,pointmaker,-0.16375,56.6641
194.86,fuel,pointmaker,-0.16375,56.5003
194.877,fuel,pointmaker,-0.16375,56.3366
194.894,fuel,pointmaker,-0.16375,56.1728
194.911,fuel,pointmaker,-0.16375,56.0091
194.927,fuel,pointmaker,-0.16375,55.8453
194.944,fuel,pointmaker,-0.16375,55.6816
194.96,fuel,pointmaker,-0.16375,55.5178
194.977,fuel,pointmaker,-0.16375,55.3541
194.994,fuel,pointmaker,-0.16375,55.1903
195.011,fuel,pointmaker,-0.16375,55.0266
195.027,fuel,pointmaker,-0.16375,54.8628
195.044,fuel,pointmaker,-0.16375,54.6991
195.06,fuel,pointmaker,-0.16375,54.5353
195.077,fuel,pointmaker,-0.16375,54.3716
195.094,fuel,pointmaker,-0.16375,54.2078
195.111,fuel,pointmaker,-0.16375,54.0441
195.127,fuel,pointmaker,-0.16375,53.8803
195.143,fuel,pointmaker,-0.16375,53.7166
195.16,fuel,pointmaker,-0.16375,53.5528
195.177,fuel,pointmaker,-0.16375,53.3891
195.194,fuel,pointmaker,-0.16375,53.2253
195.211,fuel,pointmaker,-0.16375,53.0616
195.227,fuel,pointmaker,-0.16375,52.8978
195.244,fuel,pointmaker,-0.16375,52.7341
195.261,fuel,pointmaker,-0.16375,52.5703
195.277,fuel,pointmaker,-0.16375,52.4066
195.294,fuel,pointmaker,-0.16375,52.2428
195.311,fuel,pointmaker,-0.16375,52.0791
195.327,fuel,pointmaker,-0.16375,51.9153
195.344,fuel,pointmaker,-0.16375,51.7516
195.36,fuel,pointmaker,-0.16375,51.5878
195.378,fuel,pointmaker,-0.16375,51.4241
195.394,fuel,pointmaker,-0.16375,51.2603
195.411,fuel,pointmaker,-0.16375,51.0966
195.427,fuel,pointmaker,-0.16375,50.9328
195.444,fuel,pointmaker,-0.16375,50.7691
195.461,fuel,pointmaker,-0.16375,50.6053
195.477,fuel,pointmaker,-0.16375,50.4416
195.494,fuel,pointmaker,-0.16375,50.2778
195.51,fuel,pointmaker,-0.16375,50.1141
195.528,fuel,pointmaker,-0.16375,49.9503
195.545,fuel,pointmaker,-0.16375,49.7866
195.562,fuel,pointmaker,-0.16375,49.6228
195.578,fuel,pointmaker,-0.16375,49.4591
195.594,fuel,pointmaker,-0.16375,49.2953
195.611,fuel,pointmaker,-0.16375,49.1316
195.627,fuel,pointmaker,-0.16375,48.9678
195.644,fuel,pointmaker,-0.16375,48.8041
195.661,fuel,pointmaker,-0.16375,48.6403
195.677,fuel,pointmaker,-0.16375,48.4766
195.694,fuel,pointmaker,-0.16375,48.3128
195.711,fuel,pointmaker,-0.16375,48.1491
195.727,fuel,pointmaker,-0.16375,47.9853
195.744,fuel,pointmaker,-0.16375,47.8216
195.76,fuel,pointmaker,-0.16375,47.6578
195.777,fuel,pointmaker,-0.16375,47.4941
195.794,fuel,pointmaker,-0.16375,47.3303
195.811,fuel,pointmaker,-0.16375,47.1666
195.827,fuel,pointmaker,-0.16375,47.0028
195.844,fuel,pointmaker,-0.16375,46.8391
195.86,fuel,pointmaker,-0.16375,46.6753
195.877,fuel,pointmaker,-0.16375,46.5116
195.894,fuel,pointmaker,-0.16375,46.3478
195.913,fuel,pointmaker,-0.16375,46.1841
195.927,fuel,pointmaker,-0.16375,46.0203
195.952,bored,B1-A,,
197.013,arrived,B1-B,,
219.927,arrived,B1-A,,
222.709,arrived,B1-B,,
226.399,arrived,B1-A,,
322.294,arrived,B1-A,,
353.246,end,,,
